item,projeto_id_fiotec,titulo_projeto,objetivo_geral,coordenador_geral,coordenacao,numero_processo,tipo_instrumento_contratual,parceiro,categoria_teds,numero_instrumento_contratual,natureza_projeto,data_inicio_vigencia,data_fim_vigencia,eixo_mapa_estrategico_fiocruz,valor_total_projetos,recurso_liberado,recurso_a_receber,total_realizado,total_comprometido,saldo_total_atual,saldo_calculado,diferenca_saldo,percentual_realizado_sobre_liberado,percentual_receber_sobre_total
1,GEREB-005-FEX-20,"Saúde Digital Para O Enfrentamento Da Covid-19 Nos Territõrios Do Distrito Federal (Fap, Fiotec. Fiocruz)","Apoiar A Execução E O Desenvolvimento De Projetos E Ações De Pesquisa, Inovação E Extensão Voltadas Para: I) O Desenvolvimento E Incorporação De Tecnologias Digitais Para O Diagnóstico, O Tratamento Da Infecção Causada Pelo Covid-19 E A Prevenção Com Maior Precisão Das Ações De Contenção Do Surto Nos Territórios; Ii) Capacitação Da Força De Trabalho Para Atuar No Ambiente De Saúde Digital E, Iii) Fomento Da Rede Cooperativa De Ciência E Tecnologia Da Cadeia De Inovação Digital Do Df Para O Desenvolvimento De Pesquisas Tecnológicas De Enfrentamento De Doenças Infectocontagiosas, Contribuindo Para A Cooperação Entre A Fiocruz, A Secretaria De Estado De Saúde Do Distrito Federa, A Fap/Df E Outros Parceiros.",Wagner De Jesus Martins,COLABORATÓRIO,25027.000032/2020-90,CONVÊNIO PD&I,FAP/DF,,59/2020,Desenvolvimento Científico E/Ou Tecnológico/ Estímulo À Inovação,2020-06-01,2027-04-27,Inovação E Complexo Produtivo Em Saúde,10000000.00,12562334.71,0.00,10402178.19,403813.65,1756342.87,1756342.87,0.00,82.80,0.00
2,GEREB-008-FIO-20,"Gestão E Governança No Campo Da Ciência, Tecnologia E Inovação Em Saúde (Ct&Is)","Contribuir Para A Produção De Conhecimento E Para O Desenvolvimento De Capacidades E Ferramentas Atrelados Ao Aprimoramento Da Gestão E Ao Aumento Da Capacidade De Governança No Campo Da Ciência, Tecnologia E Inovação Em Saúde (Ct&Is).",José Antonio Silvestre Fernandes Neto,GABINETE,25027.000046/2020-11,TED,MINISTÉRIO DA SAÚDE,TED de SUPORTE,50/2020,Pesquisa,2020-08-12,2026-08-05,"Ciência, Tecnologia, Saúde E Sociedade",31103328.00,31201903.22,0.00,31200658.24,0.00,1244.98,1244.98,0.00,100.00,0.00
3,GEREB-022-FIO-20,Educação Para O Desenvolvimento Dos Servidores Públicos Federais Do Ministério Da Saúde.,"Promover O Desenvolvimento De Pessoas, De Acordo Com O Plano De Desenvolvimento De Pessoas (Pdp) Do Ministério Da Saúde (Ms), Por Meio De Atividades Educacionais.",Luciana Sepúlveda Köptcke,EGF,25027.000200/2020-47,TED,MINISTÉRIO DA SAÚDE,TED MS,109/2020,Ensino,2020-12-29,2026-12-01,"Atenção, Promoção, Vigilâncias, Geração De Conhecimentos E Formação Para O Sus",4291963.00,4517324.30,41292.00,4229365.19,218644.55,69314.56,69314.56,0.00,93.63,0.96
4,GEREB-013-FIO-21,Gestão Estratégica Para Acesso E Qualidade Da Assistência Farmacêutica No Sus.,Contribuir Com As Ações Que Visam A Efetividade Da Gestão Estratégica E Para O Aperfeiçoamento Da Assistência Farmacêutica No Sus.,Daniella Cristina Rodrigues Pereira,NEAD,25027.000166/2021-91,TED,MINISTÉRIO DA SAÚDE,TED de SUPORTE,52/2021,Extensão,2021-12-10,2026-11-30,"Atenção, Promoção, Vigilâncias, Geração De Conhecimentos E Formação Para O Sus",55407026.00,59308483.38,0.00,56680492.85,468078.09,2159912.44,2159912.44,0.00,95.57,0.00
5,GEREB-009-FEX-22,Supervisão Clínico-Institucional Às Equipes Dos Centros De Atenção Psicossocial (Caps) Do Distrito Federal (Df),"Qualificar As Ações Ofertadas Pelos Serviços De Saúde Mental, Álcool E Outras Drogas No Df Por Meio Da Supervisão Clínico- Institucional Com Vistas À Minimização Dos Impactos Relacionados À Espin Decorrente Da Covid-19, Conforme Orientações Da Art. 2º Portaria Gm/Ms Nº 3.350, De 8 De Dezembro De 2020.",André Vinícius Pires Guerrero,NUSMAD,25027.000096/2021-71,CONVÊNIO PD&I,SES/DF,,57/2022,Estímulo À Inovação,2022-06-02,2027-06-02,"Atenção, Promoção, Vigilâncias, Geração De Conhecimentos E Formação Para O Sus",4117133.33,2287055.14,1991646.00,2196926.98,9600.00,80528.16,80528.16,0.00,96.06,48.37
6,GEREB-010-FEX-22,Oferta Do Curso De Especialização Em Medicina De Família E Comunidade,"Cooperação Técnica E Científica Entre Os Parceiros Para Desenvolver O Projeto ""Oferta De Curso De Especialização Em Medicina De Família E Comunidade"", Na Modalidade De Educação À Distância (Ead), Em Seus Componentes De Ensino, Supervisão E Avaliação, Destinado Aos Médicos, Realizando Formação Em Medicina Da Família E Comunidade (Mfc),No Âmbito Do Programa Médicos Pelo Brasil (Pmpb).",Kellen Cristina Da Silva Gasque,UNASUS,25027.000080/2022-40,CONVÊNIO PD&I,ADAPS,,70/2022,Estímulo À Inovação,2022-06-08,2026-08-08,"Atenção, Promoção, Vigilâncias, Geração De Conhecimentos E Formação Para O Sus",37071299.38,38770957.34,0.00,38554860.98,78782.44,137313.92,137313.92,0.00,99.44,0.00
7,GEREB-021-FIO-22,"Aprimoramento, Qualificação E Gestão De Vigilância Laboratorial","Elaboração E Desenvolvimento De Ações E Estratégias Volt Adas À Estruturação, Qualificação E Melhoria De Gestão Do Componente Laboratorial Da Vigilância Em Saúde.",Noely Fabiana Oliveira De Moura,NEVS,25027.000089/2022-51,TED,MINISTÉRIO DA SAÚDE,TED MS,25/2022,Desenvolvimento Científico E/Ou Tecnológico/ Estímulo À Inovação,2022-09-02,2026-07-20,"Atenção, Promoção, Vigilâncias, Geração De Conhecimentos E Formação Para O Sus",1500000.00,1589336.54,0.00,1589336.54,0.00,0.00,0.00,0.00,100.00,0.00
8,GEREB-024-FIO-22,Programa De Formação A Distância Destinado A Profissionais E Gestores Do Setor De Saúde Que Atuam Nas Políticas De Promoção De Equidade Em Saúde.,"Desenvolver Um Programa Educacional À Distância Pelo Sistema Una-Sus Destinado A Profissionais E Gestores Do Setor De Saúde Voltado Para As Seguintes Políticas De Equidade Em Saúde: I)Da População Negra; Ii)Das Pessoas Com Albinismo; Iii)Da População Quilombola; Iv)Do Povo Cigano/Romani; V)De Adolescentes Em Conflito Com A Lei; Vi)De Imigrantes, Refugiados E Apátridas; Vii)Das Populações Itinerantes; Viii)Dos Direitos Humanos E Saúde; E Ix)Da Gestão E Implantação De Políticas De Equidade No Sus.",Kellen Cristina Da Silva Gasque,UNASUS,25027.000081/2022-94,TED,MINISTÉRIO DA SAÚDE,TED MS,14/2022,Ensino,2022-09-15,2027-02-04,"Atenção, Promoção, Vigilâncias, Geração De Conhecimentos E Formação Para O Sus",2826360.00,3122619.12,0.00,2664687.80,175110.40,282820.92,282820.92,0.00,85.34,0.00
9,GEREB-001-FIO-23,Apoio Ao Monitoramento E Avaliação Do 1° Ciclo Formativo Dos Programas De Provimento De Profissionais De Saúde Do Ministério Da Saúde,"Desenvolver Pesquisas E Soluções De Apoio À Gestão, De Forma A Dar Continuidade Às Ações Da Se/Una-Sus Visando Ao Monitoramento E Avaliação Do 1º Ciclo Formativo Dos Participantes Dos Programas De Provimento De Profissionais De Saúde Do Ms (Ppps).",Kellen Cristina Da Silva Gasque,UNASUS,25027.000362/2022-47,TED,MINISTÉRIO DA SAÚDE,TED MS,79/2022,Ensino,2023-01-06,2027-06-14,"Atenção, Promoção, Vigilâncias, Geração De Conhecimentos E Formação Para O Sus",3500000.00,3182933.44,527815.00,3129850.91,13470.00,39612.53,39612.53,0.00,98.33,15.08
10,GEREB-002-FIO-23,Avaliação Da Morbidade Materna Grave Em Serviços De Assistência Ao Parto E Nascimento No Brasil.,Identificar A Magnitude Da Morbidade Materna Grave E Seus Determinantes Em Maternidades Com Representatividade Nacional.,Maria Do Carmo Leal,COLABORATÓRIO,25027.000354/2022-09,EMENDA PARLAMENTAR,DEP. PAULA BELMONTE,,40530019,Pesquisa,2023-01-10,2027-01-10,"Atenção, Promoção, Vigilâncias, Geração De Conhecimentos E Formação Para O Sus",542153.00,590477.36,1153.00,514749.32,56800.00,18928.04,18928.04,0.00,87.18,0.21
11,GEREB-015-FIO-23,Saúde Das Mulheres E Suas Interseccionalidades.,"Suporte A Formação-Ação Em Promoção E Vigilância Em Saúde, Ambiente E Trabalho - Saúde Das Mulheres E Suas Interseccionalidades.",André Luiz Dutra Fenner,PSAT,25027.000132/2023-69,EMENDA PARLAMENTAR,EMENDA COMISSÃO DEFESA DOS DIREITOS DA MULHER,,50360004,Ensino,2023-09-01,2026-11-01,"Atenção, Promoção, Vigilâncias, Geração De Conhecimentos E Formação Para O Sus",503310.00,293759.31,218310.00,290784.78,2500.00,474.53,474.53,0.00,98.99,43.37
12,GEREB-019-FIO-23,Fortalecimento Das Políticas Públicas De Prevenção De Riscos De Desastres,Suporte Técnico-Científico Ao Departamento De Redução De Risco Desastres Da Secretaria Nacional De Periferias Do Revisão E Qualificação Das Políticas Públicas De Redução De Risco De Desastres.,Wagner De Jesus Martins,COLABORATÓRIO,25027.000254/2023-55,TED,MINISTÉRIO DAS CIDADES,TED MCIDADES,001/2023,Desenvolvimento Científico E/Ou Tecnológico/ Estímulo À Inovação,2023-09-27,2028-09-27,"Ciência, Tecnologia, Saúde E Sociedade",45038140.00,50367617.67,0.00,37330000.73,1785395.34,11252221.60,11252221.60,0.00,74.12,0.00
13,GEREB-018-FIO-23,Aprimoramento Das Práticas Institucionais No Âmbito Do Ministério Da Saúde,"Aprimorar Práticas E Competências Das Diversas Áreas Do Ministério Da Saúde Na Gestão Das Demandas Advindas De Articulações, Bem Como Produzir Dados, Informações E Produtos Que Contribuam Para A Tomada De Decisão Dos Gestores Do Ministério Da Saúde.",José Antonio Silvestre Fernandes Neto,GABINETE,25027.000278/2023-12,TED,MINISTÉRIO DA SAÚDE,TED de SUPORTE,15/2023,Desenvolvimento Institucional,2023-09-27,2028-09-27,"Atenção, Promoção, Vigilâncias, Geração De Conhecimentos E Formação Para O Sus",183000000.00,116316316.94,69216667.00,107343469.84,2395965.19,6576881.91,6576881.91,0.00,92.29,37.82
14,GEREB-023-FIO-23,"Implementação De Modelo De Governança E Gestão Das Cooperações Técnicas Nacional E Internacional, No Âmbito Do Ministério Da Saúde","Implementar, No Âmbito Do Ministério Da Saúde, Modelo De Governança E Gestão Das Cooperações Técnicas Nacional E Internacional.",Márcio Aldrin França Cavalcante,NUGP,25027.000233/2023-30,TED,MINISTÉRIO DA SAÚDE,TED de SUPORTE,37/2023,Desenvolvimento Institucional,2023-11-29,2027-11-29,"Atenção, Promoção, Vigilâncias, Geração De Conhecimentos E Formação Para O Sus",60352517.00,42398946.42,19848507.78,32297706.43,271265.45,9829974.54,9829974.54,0.00,76.18,32.89
15,GEREB-021-FIO-23,Fortalecimento Do Programa De Treinamento Em Epidemiologia Aplicada Aos Serviços Do Sus – Nível Intermediário.,"Realizar Cursos De Especialização Visando Melhorar A Capacidade De Detecção, Resposta E Comunicação De Problemas De Saúde Pública, Por Meio Da Capacitação De Profissionais Que Atuam Na Área Da Vigilância Em Saúde Da Esfera Federal, De Estados/Regionais E Municípios Das Diferentes Regiões Do Brasil.",Noely Fabiana Oliveira De Moura,NEVS,25027.000178/2023-88,TED,MINISTÉRIO DA SAÚDE,TED MS,10/2023,Ensino,2023-11-29,2027-11-29,"Atenção, Promoção, Vigilâncias, Geração De Conhecimentos E Formação Para O Sus",4500000.00,4780063.61,450000.00,2052031.87,305220.00,2422811.74,2422811.74,0.00,42.93,10.00
16,GEREB-022-FIO-23,"Desenvolvimento Sustentável Dos Povos E Comunidades Tradicionais De Matriz Africana E De Terreiros, Quilombolas E Ciganos Do Brasil.","Promover O Desenvolvimento Sustentável Dos Povos E Comunidades Tradicionais De Matriz Africana E De Terreiros, Quilombolas E Ciganos Do Brasil.",Denise Oliveira e Silva,PALIN,25027.000354/2023-81,TED,MINISTÉRIO DA IGUALDADE RACIAL,TED MIR,18/2023,Pesquisa,2023-11-29,2027-02-26,Saúde E Sustentabilidade Socioambiental,4803000.00,5268448.86,0.00,4943543.33,82040.93,242864.60,242864.60,0.00,93.83,0.00
17,GEREB-025-FIO-23,Abordagens Intersetoriais E Integradas Para Uma Política De Drogas Para Pessoas No Brasil.,"Promover A Articulação, A Qualificação E A Integração De Políticas Públicas Sobre Drogas Em Municípios Prioritários Das Unidades Da Federação, Com Ênfase Na Prevenção, Articulação Intra E Intersetorial E Formação De Trabalhadores",André Vinícius Pires Guerrero,NUSMAD,25027.000206/2023-67,TED,MINISTÉRIO DA JUSTIÇA E SEGURANÇA PÚBLICA,TED MJSP,04/2023,Extensão,2023-12-06,2026-10-24,"Ciência, Tecnologia, Saúde E Sociedade",25748326.34,26866029.55,0.01,25417307.45,232500.00,1216222.10,1216222.10,0.00,94.61,0.00
18,GEREB-029-FIO-23,Inteligência Estratégica Na Transformação Digital Em Saúde.,"Desenvolver Processo De Inteligência Estratégica Baseado Na Transformação Digital Em Saúde Capaz De Promover, Mobilizar E Integrar Conhecimentos E Competências Para Auxiliar No Monitoramento, Na Avaliação E Na Disseminação De Informações Em Saúde.",Wagner De Jesus Martins,COLABORATÓRIO,25027.000375/2023-05,TED,MINISTÉRIO DA SAÚDE,TED de SUPORTE,39/2023,Desenvolvimento Científico E/Ou Tecnológico/ Estímulo À Inovação,2023-12-14,2027-12-14,"Ciência, Tecnologia, Saúde E Sociedade",5000000.00,4137715.41,1000000.00,3787807.06,212207.52,137700.83,137700.83,0.00,91.54,20.00
19,GEREB-031-FIO-23,Programa De Formação De Agentes Educadoras/Es Populares De Saúde.,"Promover Uma Rede Nacional De Agentes Educadoras/Es Populares De Saúde, Voltada Para O Fortalecimento Do Sus E O Desenvolvimento De Territórios Saudáveis E Sustentáveis, Incentivando E Valorizando As Práticas Tradicionais E Populares De Cuidado, A Comunicação E A Educação Popular Em Saúde.",Osvaldo Peralta Bonetti,ANGICOS,25027.000292/2023-16,TED,MINISTÉRIO DA SAÚDE,TED MS,63/2023,Ensino,2023-12-21,2026-12-07,"Atenção, Promoção, Vigilâncias, Geração De Conhecimentos E Formação Para O Sus",23698852.00,24682134.05,3852.00,24141893.72,250980.00,289260.33,289260.33,0.00,97.81,0.02
20,GEREB-033-FIO-23,"Desenvolvimento E Aprimoramento De Ações Estratégicas De Preparação, Vigilância E Resposta Às Emergências Em Saúde Pública.","Desenvolver E Aprimorar As Ações Estratégicas De Preparação, Vigilância E Resposta Às Emergências Em Saúde Pública.",Márcio Aldrin França Cavalcante,NUGP,25027.000357/2023-15,TED,MINISTÉRIO DA SAÚDE,TED de SUPORTE,55/2023,Pesquisa,2023-12-21,2028-12-21,"Atenção, Promoção, Vigilâncias, Geração De Conhecimentos E Formação Para O Sus",40991199.00,24675485.41,17200000.00,20707119.35,6420137.34,-2451771.28,-2451771.28,0.00,83.92,41.96
21,GEREB-035-FIO-23,"Capacitação Em Vigilância, Prevenção E Controle De Zoonoses, Doenças De Transmissão Vetorial E De Acidentes Causados Por Animais Peçonhentos E Venenosos, De Relevância Para A Saúde Pública","Promover O Fortalecimento, A Adequação E O Aperfeiçoamento Das Ações E Dos Serviços De Vigilância, Prevenção E O Controle De Zoonoses, Doenças De Transmissão Vetorial E Acidentes Causados Por Animais Peçonhentos E Venenosos, De Relevância Para A Saúde Pública.",Kellen Cristina Da Silva Gasque,UNASUS,25027.000314/2023-30,TED,MINISTÉRIO DA SAÚDE,TED MS,79/2023,Ensino,2023-12-22,2026-11-22,"Atenção, Promoção, Vigilâncias, Geração De Conhecimentos E Formação Para O Sus",3000000.00,2269204.67,1000000.00,628980.05,171846.72,1468377.90,1468377.90,0.00,27.72,33.33
22,GEREB-037-FIO-23,Projeto De Pesquisa Aplicado À Inovação Nos Processos De Auditoria Do Sistema Único De Saúde,Promover Dinâmicas De Inovação Organizacional E Tecnológica Para Inserção Da Auditoria Interna Do Sus Em Um Ecossistema De Auditoria Inteligente Em Saúde.,Wagner De Jesus Martins,COLABORATÓRIO,25027.000353/2023-37,TED,MINISTÉRIO DA SAÚDE,TED de SUPORTE,65/2023,Estímulo À Inovação,2023-12-22,2027-07-22,"Ciência, Tecnologia, Saúde E Sociedade",19594720.00,12729820.69,7121680.00,11220038.34,199386.78,1310395.57,1310395.57,0.00,88.14,36.34
23,GEREB-001-FIO-24,Educação Permanente Para A Rede De Atenção Psicossocial No Sistema Único De Saúde: Atenção Integral Às Pessoas Em Sofrimento Mental.,"Ofertar Curso De Atualização Na Perspectiva Da Educação Permanente Aos Profissionais Que Atuam Na Raps, De Modo A Fomentar Boas Práticas De Cuidado Que Estejam Em Consonância Com A Estratégia Da Redução De Danos E A Lógica Do Cuidado Em Liberdade.",André Vinícius Pires Guerrero,NUSMAD,25027.000382/2023-07,TED,MINISTÉRIO DA SAÚDE,TED MS,72/2023,Ensino,2023-12-29,2026-12-29,"Atenção, Promoção, Vigilâncias, Geração De Conhecimentos E Formação Para O Sus",41370186.00,42590134.50,1370186.03,39591259.57,2881497.50,117377.43,117377.43,0.00,92.96,3.31
24,GEREB-002-FIO-24,O Ensino Da Saúde Digital No Brasil: Perspectivas E Desafios Na Formação Dos Profissionais De Saúde.,"Investigar A Presença E Abrangência Dos Conteúdos Relacionados À Saúde Digital Nos Currículos De Graduação E Pós-Graduação De Saúde Em Instituições De Ensino Superior Do País, Bem Como As Competências Necessárias Para A Atuação No Sistema Único De Saúde.",Débora Dupas Gonçalves Do Nascimento,UNASUS,25027.000351/2023-48,TED,MINISTÉRIO DA SAÚDE,TED MS,64/2023,Pesquisa,2023-12-28,2027-05-07,"Ciência, Tecnologia, Saúde E Sociedade",2176078.00,1770742.42,576582.00,1129753.44,102260.00,538728.98,538728.98,0.00,63.80,26.50
25,GEREB-003-FIO-24,Fortalecimento Do Centro Nacional De Inteligência Epidemiológica/Cnie Para Ampliar A Capacidade De Análises Epidemiológicas Dos Dados De Interesse Da Secretaria De Vigilância Em Saúde E Ambiente/Svsa/Ms,"Estruturar O Centro Nacional De Inteligência Epidemiológica Potencializando Sua Capacidade De Acesso, Extração, Processamento, Tratamento, Integração E Análise De Dados Epidemiológicos De Interesse Para A Vigilância Em Saúde E Ambiente, Detecção De Emergências Em Saúde E A Preparação Da Resposta, Fortalecendo Na Tomada De Decisões Baseadas Em Evidências, Em Consonância Com A Política Nacional De Vigilância Em Saúde.",Noely Fabiana Oliveira De Moura,NEVS,25027.000383/2023-43,TED,MINISTÉRIO DA SAÚDE,TED de SUPORTE,82/2023,Desenvolvimento Científico E/Ou Tecnológico/ Estímulo À Inovação,2024-01-03,2029-01-03,"Atenção, Promoção, Vigilâncias, Geração De Conhecimentos E Formação Para O Sus",15200000.00,9158424.24,7035000.00,4278708.03,449240.00,4430476.21,4430476.21,0.00,46.72,46.28
26,GEREB-008-FIO-24,Qualificação Do Cadastro Nacional De Estabelecimentos De Saúde (Cnes): Informação E Gestão Do Trabalho Em Saúde (Infogets).,Desenvolver Estratégias Sustentáveis Para A Atualização Das Informações Da Força De Trabalho Em Saúde No Âmbito Do Cadastro Nacional De Estabelecimentos De Saúde (Cnes-Profissional).,Osvaldo Peralta Bonetti,ANGICOS,25027.000444/2023-72,TED,MINISTÉRIO DA SAÚDE,TED MS,108/2023,Ensino,2024-01-10,2026-12-19,"Atenção, Promoção, Vigilâncias, Geração De Conhecimentos E Formação Para O Sus",5123000.00,5029298.40,256150.00,4682517.03,204500.00,142281.37,142281.37,0.00,93.10,5.00
27,GEREB-009-FIO-24,Territórios Saudáveis E Sustentáveis Na Promoção Do Cuidado: Abordagem Interseccional E Intersetorial Na Promoção Da Saúde.,"Desenvolver Processos De Formação-Ação, Numa Abordagem Interseccional E Intersetorial, Junto Aos Territórios, Visando A Promoção Da Saúde E Estimular E Fortalecer Territórios Saudáveis E Sustentáveis Na Promoção Do Cuidado Com Equidade E O Protagonismo Popular Na Integração Com O Sus.",André Luiz Dutra Fenner,PSAT,25027.000367/2023-51,TED,MINISTÉRIO DA SAÚDE,TED MS,168/2023,Ensino,2024-01-12,2028-01-12,"Atenção, Promoção, Vigilâncias, Geração De Conhecimentos E Formação Para O Sus",24300010.00,20514463.40,6060007.00,13309330.58,1602348.02,5602784.80,5602784.80,0.00,64.88,24.94
28,GEREB-010-FIO-24,Formação Em Políticas Públicas De Saúde Na Área De Concentração De Avaliação De Tecnologias Em Saúde (Mestrado Turma Ats),Formar Profissionais Para Utilizar A Avaliação De Tecnologias Em Saúde Na Tomada De Decisão No Âmbito Do Sistema Único De Saúde (Sus).,Flávia Tavares Silva Elias,PEPTS,25027.000356/2023-71,TED,MINISTÉRIO DA SAÚDE,TED MS,137/2023,Ensino,2024-01-12,2027-06-20,Inovação E Complexo Produtivo Em Saúde,2461725.00,2740271.27,125225.00,1445803.26,579686.97,714781.04,714781.04,0.00,52.76,5.09
29,GEREB-012-FIO-24,Estratégia De Enfrentamento Ao Racismo Na Saúde,"Fortalecimento Da Política Nacional Da Saúde Integral Da População Negra, Desenvolver E Monitorar As Ações Voltadas Para O Enfrentamento Ao Racismo.",Denise Oliveira e Silva,PALIN,25027.000448/2023-51,TED,MINISTÉRIO DA SAÚDE,TED de SUPORTE,166/2023,Pesquisa,2024-01-24,2027-01-24,"Atenção, Promoção, Vigilâncias, Geração De Conhecimentos E Formação Para O Sus",32210366.00,18528720.38,14952566.02,18324102.79,195972.88,8644.71,8644.71,0.00,98.90,46.42
30,GEREB-013-FIO-24,Fortalecimento Do Acesso A Plantas Medicinais E Fitoterápicos No Sus.,Fortalecimento Da Política Nacional De Plantas Medicinais E Fitoterápicos No Sus.,Wagner De Jesus Martins,COLABORATÓRIO,25027.000445/2023-17,TED,MINISTÉRIO DA SAÚDE,TED MS,142/2023,Extensão,2024-01-24,2028-01-24,"Atenção, Promoção, Vigilâncias, Geração De Conhecimentos E Formação Para O Sus",9000000.00,5292712.59,4000000.00,4083688.85,686462.00,522561.74,522561.74,0.00,77.16,44.44
31,GEREB-014-FIO-24,"Fortalecimento Da Rede De Atenção Psicossocial No Sistema Único De Saúde: Gestão, Formação E Pesquisa.","Apoiar A Reestruturação E O Fortalecimento Da Política Nacional De Saúde Mental, Álcool E Outras Drogas Na Rede De Atenção Psicossocial, Por Meio Da Formação, Monitoramento E Pesquisa, Com Foco Na Equidade E Na Qualidade Do Cuidado.",André Vinícius Pires Guerrero,NUSMAD,25027.000407/2023-64,TED,MINISTÉRIO DA SAÚDE,TED de SUPORTE,86/2023,Pesquisa,2024-01-29,2028-01-29,"Atenção, Promoção, Vigilâncias, Geração De Conhecimentos E Formação Para O Sus",46838859.00,32317769.18,17865457.01,21110806.36,3181231.71,8025731.11,8025731.11,0.00,65.32,38.14
32,GEREB-018-FIO-24,"Casaaben E Centro De Memória – Formação, Comunicação E Informatização","Fomentar O Processo De Resgate, Registro Catalogação, Manutenção, Atualização E O Fortalecimento Da Memória Histórica Da Enfermagem Brasileira, Por Meio Da Caminhada Organizativa Da Categoria Junto À Aben, Como Também, Promover A Educação Permanente, Comunicação E Informação Acerca Da Enfermagem.",Osvaldo Peralta Bonetti,ANGICOS,25027.000178/2024-69,EMENDA PARLAMENTAR,DEP. CARMEN ZANOTTO,,2950003,Pesquisa,2024-07-01,2027-07-01,"Ciência, Tecnologia, Saúde E Sociedade",1000000.00,886668.51,154999.98,651421.71,17500.00,217746.80,217746.80,0.00,73.47,15.50
33,GEREB-019-FIO-24,Trajetórias E Travessias - Formação De Conselheiras E Conselheiros De Saúde E De Liderança Sociais E Populares Para O Controle Social Na Área De Saúde,"Desenvolver Processo Formativo, Orientados Pelas Políticas De Educação Popular Em Saúde E Educação Permanente Para O Controle Social, Como Ferramentas Pedagógicas E Estratégicas De Fortalecimento Da Participação E Controle Social, Com Acolhimento, Troca De Saberes E Impulsionamento Do Protagonismo De Lideranças Comunitárias, Conselheiras E Conselheiros De Saúde, Com Destaque A Proteção De Populações Vulneráveis.",Osvaldo Peralta Bonetti,ANGICOS,25027.000267/2024-13,EMENDA PARLAMENTAR,DEP. DENISE PESSOA,,43530010,Ensino,2024-07-02,2027-04-02,"Ciência, Tecnologia, Saúde E Sociedade",2000000.00,2154066.75,10000.00,1718772.33,300668.80,134625.62,134625.62,0.00,79.79,0.50
34,GEREB-020-FIO-24,A Gente Quer A Vida Como A Vida Quer: A Formação-Ação De Agentes Populares De Equidade Em Saúde No Rio Grande Do Sul,"Formação-Ação Para Agentes Populares De Equidade Em Saúde No Rio Grande Do Sul Abordando A Promoção Da Saúde Com Equidade, Visando Reduzir As Vulnerabilidades E Construindo O Bem Viver Junto Aos Territórios E Comunidades.",André Luiz Dutra Fenner,PSAT,25027.000109/2024-55,EMENDA PARLAMENTAR,DEP. DAIANA SANTOS,,43320013,Ensino,2024-07-02,2027-07-02,"Atenção, Promoção, Vigilâncias, Geração De Conhecimentos E Formação Para O Sus",1500000.00,1571264.28,2000.00,1303277.39,224889.54,43097.35,43097.35,0.00,82.94,0.13
35,GEREB-023-FIO-24,Fortalecimento Das Políticas De Defesa E De Promoção Dos Direitos Humanos Para Os Povos Indígenas Do Estado De Roraima,Reforçar A Rede De Proteção E A Assistência Humanitária Para Apoio Às Pessoas Yanomami E Demais Comunidades Indígenas Em Boa Vista/Rr.,Bruno Leonardo Alves De Andrade,ASSESSORIAS,25027.000286/2024-31,TED,MINISTÉRIO DOS DIREITOS HUMANOS E DA CIDADANIA,TED MDHC,01/2024,Extensão,2024-07-09,2027-07-02,"Atenção, Promoção, Vigilâncias, Geração De Conhecimentos E Formação Para O Sus",10913167.94,9572900.72,2430322.12,6698802.69,1162619.98,1711478.05,1711478.05,0.00,69.98,22.27
36,GEREB-025-FIO-24,Projeto Marta (Manejo Do Risco De Câncer Cervical): Avaliação Do Tratamento E Adesão De Novas Tecnologias,"Avaliar Novas Estratégias De Rastreio, Triagem E Tratamento Cervical Baseados Em Hpv, Em Amostra Autocoletada, Em Serviços Na Comunidade, Na População Feminina Atendida No Sus E/Ou Em Condições De Vulnerabilidade E Que, Também, Têm Risco Acrescido De Desenvolvimento Do Câncer Do Colo Do Útero.",José Antonio Silvestre Fernandes Neto,GABINETE,25027.000256/2024-25,EMENDA PARLAMENTAR,DEP. REGINALDO VERAS,,44490015,Pesquisa,2024-07-10,2027-01-10,"Ciência, Tecnologia, Saúde E Sociedade",1000000.00,1024986.65,0.00,853199.46,95982.43,75804.76,75804.76,0.00,83.24,0.00
37,GEREB-027-FIO-24,Inclusão E Participação Social - Formação De Lideranças Sociais E Conselheiros E Conselheiras De Saúde Para O Controle Social E A Defesa Do Sus.,"Incentivar Processos Formativos De Lideranças Sociais E De Conselheiras E Conselheiros De Saúde, Em Sintonia Com Os Princípios Da Educação Popular Em Saúde E Da Educação Permanente Para O Controle Social No Sus, Visando Fortalecer A Participação Da Sociedade Nos Processos De Formulação E Deliberação Acerca Das Políticas Públicas, Com Foco, Especial Em Promover A Emancipação E Cidadania De Populações Vulnerabilizadas.",Osvaldo Peralta Bonetti,ANGICOS,25027.000245/2024-45,EMENDA PARLAMENTAR,DEP. JACK ROCHA,,4370003,Ensino,2024-07-11,2028-01-11,"Ciência, Tecnologia, Saúde E Sociedade",2300000.00,1870115.60,575000.00,1289931.92,0.00,580183.68,580183.68,0.00,68.98,25.00
38,GEREB-031-FIO-24,Formação De Lideranças Sociais De São Paulo Para Participação E Controle Social Em Defesa Do Sus: Troca De Saberes E O Protagonismo Das Mulheres,"Fortalecer O Processo Formativo Embasado Nos Princípios Da Educação Popular Em Saúde, Como Meio Para Promover A Participação E O Controle Social, Utilizando O Acolhimento E A Troca De Saberes Como Estratégias Para A Ressignificação E O Protagonismo Das Lideranças Comunitárias, Conselheiras E Conselheiros De Saúde, Especialmente As Mulheres, Na Luta Em Defesa Do Sus, No Estado De São Paulo.",Osvaldo Peralta Bonetti,ANGICOS,25027.000264/2024-71,EMENDA PARLAMENTAR,DEP. JULIANA CARDOSO,,44020014,Ensino,2024-07-12,2027-07-12,"Ciência, Tecnologia, Saúde E Sociedade",4875000.00,3505066.94,1725000.00,2874960.67,400250.00,229856.27,229856.27,0.00,82.02,35.38
39,GEREB-030-FIO-24,Cartografando As Pautas Da Saúde No Percurso De Fortalecimento Do Sus,Contribuir Com A Produção Do Conhecimento Acerca Das Pautas Legislativas Implicadas Com O Fortalecimento Do Sus.,Osvaldo Peralta Bonetti,ANGICOS,25027.000266/2024-61,EMENDA PARLAMENTAR,DEP. ANA PIMENTEL,,43020022,Ensino,2024-07-12,2026-12-12,"Atenção, Promoção, Vigilâncias, Geração De Conhecimentos E Formação Para O Sus",300000.00,325019.21,1000.00,212418.91,50900.00,61700.30,61700.30,0.00,65.36,0.33
40,GEREB-035-FIO-24,"Protagonismo Jovem - Feiras, Hortos, Saúde Integral, Cultura, Comunicação E Mobilização Social","Promover O Protagonismo Jovem Integrando Práticas Nos Territórios Sociais Do Df E Ações Comunicacionais - Como As Feiras E Hortos Podem Ser Instrumentos De Promoção Da Saúde Integral, Da Cultura E Da Comunicação No Distrito Federal?",André Vinícius Pires Guerrero,NUSMAD,25027.000257/2024-70,EMENDA PARLAMENTAR,DEP. ERIKA KOKAY,,28260008,Ensino,2024-07-16,2026-07-16,"Atenção, Promoção, Vigilâncias, Geração De Conhecimentos E Formação Para O Sus",300000.00,316700.60,1000.00,316172.12,0.00,528.48,528.48,0.00,99.83,0.33
41,GEREB-036-FIO-24,"Ações De Educação Permanente Em Saúde: Cuidados, Bem Viver, Liberdade E Democracia Como Atributos Éticos Da Educação E Do Trabalho No Sus","Promover Processos De Educação Permanente Em Saúde, Contemplando Curso Formação, Seminários, Oficinas, Congressos, Como Também Promover Estratégias De Comunicação E Sistematização Do Conhecimento, Articulando A Rede Sus, Como Também, Parcerias Internacionais Estratégicas.",Osvaldo Peralta Bonetti,ANGICOS,25027.000252/2024-47,EMENDA PARLAMENTAR,DEP. DAIANA SANTOS,,43320013,Ensino,2024-07-17,2027-12-17,"Ciência, Tecnologia, Saúde E Sociedade",600000.00,592742.66,44500.01,160452.89,0.00,432289.77,432289.77,0.00,27.07,7.42
42,GEREB-028-FIO-24,Promoção Da Saúde Do Campo: As Feiras De Saberes E Sabores Na Formação-Ação Dos Apsc,Contribuir Na Formação-Ação Dos Apsc Com A Construção De Conhecimentos E Troca De Saberes E Sabores Da Agricultura Camponesa Dos Assentados E Assentadas Da Ra Na Sua Inter-Relação Com A Promoção Da Saúde,André Luiz Dutra Fenner,PSAT,25027.000185/2024-61,EMENDA PARLAMENTAR,DEP. NILTO TATTO,,37350005,Ensino,2024-07-11,2027-01-11,"Atenção, Promoção, Vigilâncias, Geração De Conhecimentos E Formação Para O Sus",1000000.00,783163.37,250000.00,684157.52,10000.00,89005.85,89005.85,0.00,87.36,25.00
43,GEREB-037-FIO-24,Fortalecimento Da Rede De Hortos Agroflorestais Medicinais Biodinâmicos (Rhamb) No Sus Como Tecnologia Em Saúde Para Implementação De Práticas Integrativas E Promoção À Saúde Em Territórios Em Situação De Vulnerabilidade Social No Distrito Federal,Fortalecer A Rede Colaborativa Entre Os Hortos Agroflorestais Medicinais Biodinâmicos (Rhamb) Nos Serviços De Saúde Da Secretaria De Estado Da Saúde Do Distrito Federal (Ses/Df).,Wagner De Jesus Martins,COLABORATÓRIO,25027.000281/2024-17,EMENDA PARLAMENTAR,DEP. ERIKA KOKAY,,28260008,Pesquisa,2024-07-17,2027-01-17,Saúde E Sustentabilidade Socioambiental,550000.00,582357.39,1650.00,509168.91,31000.00,42188.48,42188.48,0.00,87.43,0.30
44,GEREB-043-FIO-24,Territórios Sustentáveis E Saudáveis Nas Periferias – Cmp/Sp,"""Promover A Saúde Das Populações Vulnerabilizadas, Prioritariamente, Alicerçando-Se Na Tecnociência Solidária E Nas Práticas Integrativa E Complementares Em Saúde Para O Enfrentamento Da Fome E A Insegurança Alimentar E Nutricional Nos Territórios Urbanos.""",Wagner De Jesus Martins,COLABORATÓRIO,25027.000285/2024-97,EMENDA PARLAMENTAR,DEP. VICENTINHO,,19970005,Pesquisa,2024-07-25,2027-09-24,Saúde E Sustentabilidade Socioambiental,850000.00,604321.25,299950.00,449405.89,26133.00,128782.36,128782.36,0.00,74.37,35.29
45,GEREB-040-FIO-24,"Quintais Produtivos E Desenvolvimento Territorial Saudável, Sustentável E Solidário Do Território Pernambucano.","Promover O Uso Saudável, Sustentável E Solidário Dos Territórios, A Partir Da Ativação E Fortalecimento De Processos De Governança Territorial Para Promoção Da Saúde, Soberania Alimentar E Geração De Renda, Com Foco Nos Quintais Produtivos Agroecológicos E Práticas Populares Em Saúde Desenvolvidas Pelas Unidades Produtivas Familiares Pernambucanas.",Wagner De Jesus Martins,COLABORATÓRIO,25027.000296/2024-77,EMENDA PARLAMENTAR,DEP. CARLOS VERAS,,39310004,Pesquisa,2024-07-19,2027-07-19,Saúde E Sustentabilidade Socioambiental,1000000.00,792010.78,250000.00,611221.45,63000.00,117789.33,117789.33,0.00,77.17,25.00
46,GEREB-045-FIO-24,"Formação-Ação Sindical: O Fórum De Saúde, Trabalho E Direito Do Distrito Federal E Região",Desenvolver Estratégias De Promoção Da Saúde Associadas Ao Trabalho.,Jorge Mesquita Huet Machado,PSAT,25027.000319/2024-43,EMENDA PARLAMENTAR,DEP. DAIANA SANTOS,,28260008,Ensino,2024-07-25,2027-07-25,"Atenção, Promoção, Vigilâncias, Geração De Conhecimentos E Formação Para O Sus",500000.00,543441.53,1000.00,536640.51,5850.00,951.02,951.02,0.00,98.75,0.20
47,GEREB-038-FIO-24,Integrando Saúde: Formação-Ação Em Práticas Integrativas No Df,Desenvolver Ações De Formação-Ação Em Práticas Integrativas E Complementares Em Saúde,André Luiz Dutra Fenner,PSAT,25027.000300/2024-05,EMENDA PARLAMENTAR,DEP. DAIANA SANTOS,,28260008,Ensino,2024-07-18,2027-01-18,"Atenção, Promoção, Vigilâncias, Geração De Conhecimentos E Formação Para O Sus",1000000.00,1112721.35,1000.00,732455.61,171647.13,208618.61,208618.61,0.00,65.83,0.10
48,GEREB-044-FIO-24,"Quintais Produtivos E Território Saudáveis, Sustentáveis E Solidários Das Mulheres Camponesas - Marcha Das Margaridas.","Valorar O Uso Dos Quintais Produtivos Saudáveis, Solidários E Sustentáveis A Partir Da Ativação E Fortalecimento De Processos Formativos Para As Unidades Agrícolas Familiares.",Wagner De Jesus Martins,COLABORATÓRIO,25027.000307/2024-19,EMENDA PARLAMENTAR,DEP. BOHN GASS,,28620022,Pesquisa,2024-07-25,2026-10-25,"Ciência, Tecnologia, Saúde E Sociedade",250000.00,261408.94,12500.00,146504.52,15400.00,99504.42,99504.42,0.00,56.04,5.00
49,GEREB-039-FIO-24,Escola De Promotores Populares Em Saúde No Rio Grande Do Sul,"Formar Uma Rede Intersetorial Com Diversos Atores Da Sociedade Civil Organizada, Dos Movimentos Sociais, De Estudantes, De Gestores, De Trabalhadores E Profissionais De Saúde, Por Meio De Atividades E Ações Como Reuniões, Oficinas E Rodas De Conversa No Estado Do Rio Grande Do Sul.",Osvaldo Peralta Bonetti,ANGICOS,25027.000273/2024-62,EMENDA PARLAMENTAR,DEP. BOHN GASS,,28620022,Ensino,2024-07-18,2028-01-18,"Atenção, Promoção, Vigilâncias, Geração De Conhecimentos E Formação Para O Sus",950000.00,672424.09,300000.00,273123.07,41000.00,358301.02,358301.02,0.00,40.62,31.58
50,GEREB-033-FIO-24,"Territórios Saudáveis, Sustentável E Solidário Em Território Rural E Urbano No Pará (Tss-Pa)","Promover A Saúde Das Populações Vulnerabilizadas, Prioritariamente, Alicerçando-Se Na Tecnociência Solidária E Nas Práticas Ntegrativa E Complementares Em Saúde Para O Enfrentamento Da Fome E A Insegurança Alimentar E Nutricional Nos Territórios Rurais E Urbanos",Wagner De Jesus Martins,COLABORATÓRIO,25027.000293/2024-33,EMENDA PARLAMENTAR,DEP. AIRTON FALEIRO,,39010009,Pesquisa,2024-07-16,2027-01-16,"Saúde, Estado E Cooperação Internacional",650000.00,662165.00,32500.00,474691.13,28500.00,158973.87,158973.87,0.00,71.69,5.00
51,GEREB-041-FIO-24,"Plantando Saúde, Plantando Árvores A Formação Dos Agentes Populares Em Saúde Do Campo No Estado Do Rio Grande Do Sul",Qualificar Os Agentes Populares Em Saúde Do Campo Para Atuarem Como Multiplicadores E Formadores Do Processo De Mudança Nas Práticas De Cuidadoscom O Território Na Perspectiva Da Promoção Da Saúde E Da Agroecologia Nos Territórios Da Reforma Agrária No Estado Do Rio Grande Do Sul.,André Luiz Dutra Fenner,PSAT,25027.000280/2024-64,EMENDA PARLAMENTAR,DEP. MARIA DO ROSÁRO,,19830007,Ensino,2024-07-25,2027-01-25,"Atenção, Promoção, Vigilâncias, Geração De Conhecimentos E Formação Para O Sus",600000.00,625381.46,1000.00,491264.14,47000.00,87117.32,87117.32,0.00,78.55,0.17
52,GEREB-048-FIO-24,Promoção Da Saúde E Tecnologias Sociais De Saneamento Rural Com Interações Agroecológicas,Desenvolver Estratégias De Formação-Ação Para A Promoção Da Saúde Associadas Ao Turismo De Base Comunitária.,Jorge Mesquita Huet Machado,PSAT,25027.000271/2024-73,EMENDA PARLAMENTAR,DEP. ODAIR CUNHA,,14070012,Ensino,2024-08-05,2026-08-05,"Atenção, Promoção, Vigilâncias, Geração De Conhecimentos E Formação Para O Sus",400000.00,419784.12,0.00,419647.37,0.00,136.75,136.75,0.00,99.97,0.00
53,GEREB-049-FIO-24,Formação-Ação Em Promoção Da Saúde Das Populações Do Campo Nas Comunidades No Noroeste De Minas Gerais,"Desenvolver Ações E Estratégias De Atenção Integral E Promoção Da Saúde Das Populações Do Campo, Das Florestas E Das Águas.",Jorge Mesquita Huet Machado,PSAT,25027.000298/2024-66,EMENDA PARLAMENTAR,DEP. ROGÉRIO CORREIA,,40640003,Ensino,2024-08-05,2026-08-05,"Atenção, Promoção, Vigilâncias, Geração De Conhecimentos E Formação Para O Sus",450000.00,470629.53,0.00,469199.39,0.00,1430.14,1430.14,0.00,99.70,0.00
54,GEREB-050-FIO-24,"Quintais Produtivos E Desenvolvimento Territorial Saudável, Sustentável E Solidário No Território Bahiano","Promover O Uso Saudável, Sustentável E Solidário Dos Territórios, A Partir Da Ativação E Fortalecimento De Processos De Governança Territorial Para Promoção Da Saúde, Soberania Alimentar E Geração De Renda, Através Das Práticas Populares Em Saúde Desenvolvidas Pelas Unidades Produtivas Familiares Da Região.",Wagner De Jesus Martins,COLABORATÓRIO,25027.000297/2024-11,EMENDA PARLAMENTAR,DEP. DANIEL ALMEIDA,,13390005,Pesquisa,2024-08-06,2026-11-06,Saúde E Sustentabilidade Socioambiental,300000.00,278451.38,44800.00,196279.93,18400.00,63771.45,63771.45,0.00,70.49,14.93
55,GEREB-051-FIO-24,Mãe Nitinha: Um Legado De Tradição E Amorosidade Na Promoção De Cuidado,"Apoiar A Pesquisa E O Registro Sobre A Vida E A Trajetória De Aeronithes Conceição Chagas – Yiá Nitinha De Oxum No Ilê Axé Ya Nassô Osum, Como Mulher, Liderança Política, Religiosa E Cultural Que Por Mais De Seis Décadas Dirigiu Um Espaço De Terreiro De Tradição De Matriz Africana Que Segue Acolhendo, Alimentando E Fortalecendo A Identidade Cultural, A Existência E A Promoção De Saúde E Cuidado Das Pessoas Moradoras Da Comunidade De Miguel Couto, No Município De Nova Iguaçu E Adjacências.",Denise Oliveira e Silva,PALIN,25027.000333/2024-47,EMENDA PARLAMENTAR,DEP. HENIRQUE VIEIRA/TALÍRIA PETRONE,,40700017/44420003,Pesquisa,2024-08-06,2026-08-06,Saúde E Sustentabilidade Socioambiental,850000.00,897416.04,0.00,891333.74,0.00,6082.30,6082.30,0.00,99.32,0.00
56,GEREB-053-FIO-24,Implementação De Hortas Tradicionais Para A Promoção Da Alimentação Adequada E Saudável Em Terreiros Religiosos De Matriz Africana,"Implementar Hortas Comunitárias Em Terreiros De Matriz Africana Para A Promoção Da Soberania, Segurança Alimentar E Nutricional E Saúde.",Denise Oliveira e Silva,PALIN,25027.000335/2024-36,EMENDA PARLAMENTAR,DEP. TARCÍSIO MOTTA,,44830011,Pesquisa,2024-08-12,2026-08-12,Saúde E Sustentabilidade Socioambiental,300000.00,314009.62,0.00,313683.72,0.00,325.90,325.90,0.00,99.90,0.00
57,GEREB-046-FIO-24,"Conexões De Saberes Iii – Ações De Formação, Pesquisa, Inovação Tecnológica E Aplicação Referenciadas Na Educação Popular Em Saúde E Na Promoção Da Equidade","Implementar Processos Educativos, De Pesquisa, Inovação Tecnológica E Promoção Da Equidade, Referenciados Na Educação Popular Em Saúde, Contribuindo Com O Resgate E Implementação Da Política Nacional De Educação Popular Em Saúde No Sistema Único De Saúde, Contribuindo Com A Estruturação De Uma Rede De Educadores(As) Implicados(As) Com A Defesa Do Sus, Da Democracia E Da Equidade.",Osvaldo Peralta Bonetti,ANGICOS,25027.000270/2024-29,EMENDA PARLAMENTAR,DEP. ERIKA KOKAY,,28260008,Ensino,2024-07-29,2027-12-31,"Atenção, Promoção, Vigilâncias, Geração De Conhecimentos E Formação Para O Sus",10044584.00,7797359.77,2869584.00,7011283.33,513772.00,272304.44,272304.44,0.00,89.92,28.57
58,GEREB-055-FIO-24,Ações De Promoção Da Política Nacional De Educação Popular Em Saúde No Sistema Único De Saúde,"Contribuir Com O Departamento De Gestão Interfederativa E Participativa Da Secretaria Executiva, Do Ministério Da Saúde (Dgip/Se/Ms) No Processo De Fortalecimento Da Política Nacional De Educação Popular Em Saúde No Âmbito Do Sistema Único De Saúde (Pneps-Sus), Por Meio De Ações De Formação E Mobilização Popular.",Osvaldo Peralta Bonetti,ANGICOS,25027.000282/2024-53,TED,MINISTÉRIO DA SAÚDE,TED MS,21/2024,Ensino,2024-08-20,2027-07-31,"Atenção, Promoção, Vigilâncias, Geração De Conhecimentos E Formação Para O Sus",7000000.00,5293448.31,2000000.00,4467962.15,258701.20,566784.96,566784.96,0.00,84.41,28.57
59,GEREB-056-FIO-24,"Subsídios Para A Formulação De Políticas Públicas Para Promoção Da Saúde E Da Soberania, Segurança Alimentar E Nutricional Em Comunidades E Povos De Terreiros Religiosos Na Ride-Df","Apresentar Subsídios Para Caracterizar Comunidades E Povos De Terreiros Religiosos De Matriz Africana Da Ride-Df Como Equipamentos Públicos De Promoção A Saúde, Soberania, Segurança Alimentar E Nutricional.",Denise Oliveira e Silva,PALIN,25027.000334/2024-91,EMENDA PARLAMENTAR,DEP. ERIKA KOKAY,,28260008,Pesquisa,2024-10-09,2026-10-09,Saúde E Sustentabilidade Socioambiental,1700000.00,830395.91,905416.00,807583.50,12000.00,10812.41,10812.41,0.00,97.25,53.26
60,GEREB-058-FIO-24,Fortalecimento Da Política De Enfrentamento Ao Superencarceramento E Fomento À Reintegração Social - Alternativas Penais,"Desenvolver E Aplicar Estratégias De Apoio À Gestão, Inovação, Formação, Pesquisa E Divulgação De Conhecimento Para O Fortalecimento E Regionalização Das Alternativas Ao Cárcere E Da Reintegração Social.",André Vinícius Pires Guerrero,NUSMAD,25027.000308/2024-63,TED,MINISTÉRIO DA JUSTIÇA E SEGURANÇA PÚBLICA,TED MJSP,28763109/2024,Extensão,2024-10-21,2027-10-21,"Ciência, Tecnologia, Saúde E Sociedade",15012998.40,3346577.29,12068187.11,2102163.24,66000.00,1178414.05,1178414.05,0.00,62.82,80.38
61,GEREB-060-FIO-24,"Rua Sentinela: Monitoramento E Fortalecimento Das Políticas Públicas Do Sus E Do Suas Para A População Em Situação De Rua, Nos Territórios.","Promover A Melhoria Do Acesso A Serviços Públicos No Sus E No Suas, Para A População Em Situação De Rua (Psr), Por Meio Do Fortalecimento Das Políticas Públicas, Do Monitoramento Eficaz E Da Promoção De Ações Integradas E Colaborativas.",José Antonio Silvestre Fernandes Neto,GABINETE,25027.000356/2024-51,EMENDA PARLAMENTAR,DEP. ERIKA HILTON,,43680013,Pesquisa,2024-12-09,2026-12-09,"Atenção, Promoção, Vigilâncias, Geração De Conhecimentos E Formação Para O Sus",1000000.00,774793.45,250000.00,737212.81,4600.00,32980.64,32980.64,0.00,95.15,25.00
62,GEREB-059-FIO-24,Desenvolvimento Agrário E Promoção Da Saúde: Construindo Participação Social E Incidência Política,"Apoiar Ações De Mobilização E Participação Social, Junto As 27 (Vinte E Sete) Unidades Federativas, Envolvendo As Temáticas Do Desenvolvimento Agrário, Da Agricultura Familiar E Da Promoção A Saúde",André Luiz Dutra Fenner,PSAT,25027.000402/2024-12,TED,MINISTÉRIO DO DESENVOLVIMENTO AGRÁRIO E AGRICULTURA FAMILIAR,TED MDA,30879420240057-00361,Ensino,2024-12-05,2027-05-28,"Atenção, Promoção, Vigilâncias, Geração De Conhecimentos E Formação Para O Sus",4605581.00,3820006.20,1000000.00,3743041.57,200000.00,-123035.37,-123035.37,0.00,97.99,21.71
63,GEREB-061-FIO-24,Estudo E Pesquisa Para Atualização Da Política Nacional De Atenção Integral Da Saúde Da Mulher,Sistematizar Subsídios Técnicos Para A Atualização Da Pnaism De Modo Alinhado Às Demandas Sociais E Sanitárias Da Atualidade.,Tainá Raiol Alencar,NUSAME,25027.000400/2024-23,TED,MINISTÉRIO DA SAÚDE,TED MS,55/2024,Pesquisa,2024-12-11,2027-03-02,"Atenção, Promoção, Vigilâncias, Geração De Conhecimentos E Formação Para O Sus",4024057.00,4035129.60,120722.00,3953342.88,92160.00,-10373.28,-10373.28,0.00,97.97,3.00
64,GEREB-062-FIO-24,Estratégia Intersetorial De Bioeconomia Das Plantas Medicinais Na Agricultura Familiar: Etapa Capacitações E Quintais Produtivos,Fortalecer A Cadeia De Valor Das Plantas Medicinais Por Meio De Sistemas Agroflorestais/Agroecológicos.,Wagner De Jesus Martins,COLABORATÓRIO,25027.000224/2024-20,TED,MINISTÉRIO DO DESENVOLVIMENTO AGRÁRIO E AGRICULTURA FAMILIAR,TED MDA,30879420240025-00292,Pesquisa,2024-12-19,2027-05-28,Saúde E Sustentabilidade Socioambiental,1795300.00,1828480.57,105000.00,1201166.31,73190.00,554124.26,554124.26,0.00,65.69,5.85
65,GEREB-069-FIO-24,Atenção Psicossocial E Saúde Mental Em Situações De Desastres E Emergências Em Saúde Pública: Apoio Aos Trabalhadores E Gestores No Rs.,"Desenvolver Um Programa Que Contemple Ações De Formação Em Saúde Mental, Promoção, Prevenção E Cuidado Em Saúde Mental De Trabalhadores Que Integram As Equipes Dos Serviços Da Raps E Gestores, Após As Vivências No Desastre Ambiental Ocorrido Nos Meses De Abril E Maio Deste Ano No Rs.",André Vinícius Pires Guerrero,NUSMAD,25027.000524/2024-17,TED,MINISTÉRIO DA SAÚDE,TED MS,119/2024,Ensino,2024-12-30,2026-08-08,"Atenção, Promoção, Vigilâncias, Geração De Conhecimentos E Formação Para O Sus",2819334.67,2940154.05,19334.66,2322470.39,35200.00,582483.66,582483.66,0.00,78.99,0.69
66,GEREB-070-FEX-24,"Colab-Pis: Laboratório De Colaboração Em Ciência, Tecnologia E Inovação Em Práticas Integrativas Em Saúde Do Sus Do Distrito Federal.","Ativar O Ecossistema De Inovação Em Práticas Integrativas Em Saúde Com Ciência E Tecnologia Para Garantir Integralidade, Segurança, Sustentabilidade, Participação Social E Acesso Em Diferentes Níveis De Atenção A Partir Da Política Distrital De Práticas Integrativas Em Saúde Sistema Único De Saúde Em Territórios Do Distrito Federal.",Edward Torres Maia Torres,COLABORATÓRIO,25027.000324/2024-56,CONVÊNIO PD&I,SES/DF,,027596/2024,Desenvolvimento Científico E/Ou Tecnológico/ Estímulo À Inovação,2024-12-26,2028-12-26,"Atenção, Promoção, Vigilâncias, Geração De Conhecimentos E Formação Para O Sus",21648000.00,13034814.16,10348000.00,2826935.87,866360.00,9341518.29,9341518.29,0.00,21.69,47.80
67,GEREB-063-FIO-24,"Saúde E Proteção Social, Construídas Com Participação Da Sociedade","Desenvolver Processos Formativos Pautados Nos Princípios Da Educação Popular Em Saúde, Como Uma Ferramenta Para O Fortalecimento Da Participação E Controle Social, De Forma Intersetorial E Interseccional Por Meio Do Acolhimento E Troca De Saberes Como Estratégia De Empoderamento E Protagonismo De Lideranças Sociais E Comunitárias, Na Perspectiva De Conceito Ampliado De Saúde, Com Destaque A Proteção De Populações Em Situação De Vulnerabilidade Social E Econômica",Osvaldo Peralta Bonetti,ANGICOS,25027.000534/2024-44,EMENDA PARLAMENTAR,DEP. JACK ROCHA,,43970003,Ensino,2024-12-30,2027-06-30,"Ciência, Tecnologia, Saúde E Sociedade",5000000.00,4787306.08,560000.00,2061014.32,907774.25,1818517.51,1818517.51,0.00,43.05,11.20
68,GEREB-008-FIO-25,"Apoio E Fomento Ao Desenvolvimento De Serviços, Ações, Estudos E Informações Estratégicas Voltados À Implementação E Ao Aprimoramento Dos Processos, Projetos E Programas De Gestão Do Trabalho E Educação Na Saúde","Contribuir Com A Implementação De Ações De Desenvolvimento Institucional, De Gestão Das Políticas De Trabalho E De Educação Na Saúde, De Estudos E Pesquisas Para Aperfeiçoar Práticas E Métodos, Disseminar Informações Estratégicas De Trabalho E Educação Na Saúde Visando O Desenvolvimento Profissional Das(Os) Trabalhadoras(Es) E A Qualidade Na Prestação Dos Serviços Públicos De Saúde.",Luciana Rezende Da Silva Garcez,UNASUS,25027.000503/2024-93,TED,MINISTÉRIO DA SAÚDE,TED de SUPORTE,148/2024,Desenvolvimento Institucional,2025-01-06,2029-01-06,"Ciência, Tecnologia, Saúde E Sociedade",103000514.00,31044324.43,72380451.95,28946450.41,758833.90,1339040.12,1339040.12,0.00,93.24,70.27
69,GEREB-002-FIO-25,Desenvolvimento E Testagem De Política Pública Baseada Em Tecnologias Sociais De Acolhimento Para A População Lgbtqia+,"Avaliar O Uso Das Tecnologias Sociais De Acolhimento Como Política Pública Para A População Lgbtqia+, Visando Aprimorar O Suporte E A Inclusão Social.",Wagner De Jesus Martins,COLABORATÓRIO,25027.000544/2024-80,TED,MINISTÉRIO DOS DIREITOS HUMANOS E DA CIDADANIA,TED MDHC,396665900135.220785/2023-12,Pesquisa,2025-01-06,2027-06-01,"Ciência, Tecnologia, Saúde E Sociedade",1025000.00,1048936.87,3048.57,614945.79,259800.00,174191.08,174191.08,0.00,58.63,0.30
70,GEREB-003-FIO-25,Fortalecimento Das Políticas Públicas Direcionadas Aos Direitos Das Mulheres.,"Fortalecer A Atuação Do Conselho Nacional Dos Direitos Das Mulheres Nos Processos De Formulação, Articulação E Implementação De Estratégias E Políticas Públicas Para Mulheres Por Meio Do Controle Social E Da Gestão Participativa, Visando Subsidiar Decisões Governamentais Relativas À Implementação Do Plano Nacional De Políticas Para As Mulheres.",Wagner De Jesus Martins,COLABORATÓRIO,25027.000509/2024-61,TED,MINISTÉRIO DAS MULHERES,TED MMULHERES,33/2024,Pesquisa,2025-01-06,2026-11-22,Saúde E Sustentabilidade Socioambiental,4000000.00,5106281.30,20000.00,4928843.40,93000.00,84437.90,84437.90,0.00,96.53,0.50
71,GEREB-005-FIO-25,"Periferia Saudável, Sustentável E Solidária","Promover O Desenvolvimento Territorial Solidário, Saudável E Sustentável, Em Sinergia Com As Potencialidades Dos Territórios De Periferias Urbanas E Rurais, Com Foco No Desenvolvimento E Implementação De Tecnologias Sociais.",Wagner De Jesus Martins,COLABORATÓRIO,25027.000049/2024-71,TED,MINISTÉRIO DA SAÚDE,TED MS,137/2024,Extensão,2025-01-06,2028-01-06,"Ciência, Tecnologia, Saúde E Sociedade",50000000.00,6229615.17,43900000.00,4898512.77,287789.21,1043313.19,1043313.19,0.00,78.63,87.80
72,GEREB-001-FIO-25,Promoção Da Saúde E Da Igualdade Racial,Desenvolver Uma Formação-Ação Para Agentes Populares De Promoção Da Saúde E A Igualdade Racial (Appsir).,André Luiz Dutra Fenner,PSAT,25027.000533/2024-08,TED,MINISTÉRIO DA IGUALDADE RACIAL,TED MIR,32/2024,Ensino,2025-01-06,2026-07-23,"Atenção, Promoção, Vigilâncias, Geração De Conhecimentos E Formação Para O Sus",600000.00,642138.80,0.00,638764.62,2000.00,1374.18,1374.18,0.00,99.47,0.00
73,GEREB-012-FIO-25,"Apoio Na Implementação Do Programa De Avaliação, Qualificação E Monitoramento Da Atenção Especializada – Pmae - Qualidade","Apoiar A Operacionalização Programa De Avaliação, Qualificação E Monitoramento Da Atenção Especializada – Pmae - Qualidade Por Meio Da Qualificação Dos Estabelecimentos De Saúde Da Atenção Especializada, Públicos E Privados Sem Fins Lucrativos, Alinhado Às Diretrizes Da Política Nacional Da Atenção Especializada À Saúde (Pnaes), Com O Intuito De Melhorar A Qualidade Dos Serviços Prestados E Fortalecer A Gestão Em Âmbito Nacional",André Vinícius Pires Guerrero,NUSMAD,25027.000536/2024-33,TED,MINISTÉRIO DA SAÚDE,TED MS,126/2024,Ensino,2025-01-08,2029-12-12,"Atenção, Promoção, Vigilâncias, Geração De Conhecimentos E Formação Para O Sus",52597643.00,5558998.50,47337875.82,1711134.93,350740.00,3497123.57,3497123.57,0.00,30.78,90.00
74,GEREB-014-FIO-25,Etnodesenvolvimento Com A Rede De Povos E Comunidades Tradicionais Do Brasil: Inclusão Produtiva Nos Sistemas Agrícolas Tradicionais,"Contribuir Para O Etnodesenvolvimento Através Da Inclusão Produtiva Dos Sistemas Agrícolas Tradicionais E Da Gestão Territorial Por Meio Da Rede Dos Povos E Comunidades Tradicionais Do Brasil – Rede Pcts, Composta Por Organizações Que Envolvem Todos Os Segmentos De Pcts E Fomentando A Conservação De Práticas Culturais, Saberes Tradicionais E Ancestrais Na Produção De Alimentos, Na Manutenção Dos Sistemas Agrícolas Tradicionais, Na Defesa De Seus Territórios E Lideranças Comunitárias, Na Proteção Do Meio Ambiente, No Autorreconhecimento Dos Segmentos Para A Sua Inclusão E Acesso Às Políticas Públicas E Ao Exercício Pleno De Sua Cidadania.",Denise Oliveira e Silva,PALIN,25027.000512/2024-84,TED,MINISTÉRIO DO DESENVOLVIMENTO AGRÁRIO E AGRICULTURA FAMILIAR,TED MDA,30879420240059-00364,Pesquisa,2025-01-10,2027-01-10,"Atenção, Promoção, Vigilâncias, Geração De Conhecimentos E Formação Para O Sus",6340050.00,4488660.12,2000100.01,2333868.71,485696.86,1669094.55,1669094.55,0.00,51.99,31.55
75,GEREB-009-FIO-25,"Apoio Na Implementação Do Programa De Avaliação, Qualificação E Monitoramento Da Atenção Especializada – Pmae - Qualidade","Apoiar A Operacionalização Programa De Avaliação, Qualificação E Monitoramento Da Atenção Especializada – Pmae - Qualidade Por Meio Da Qualificação Dos Estabelecimentos De Saúde Da Atenção Especializada, Públicos E Privados Sem Fins Lucrativos, Alinhado Às Diretrizes Da Política Nacional Da Atenção Especializada À Saúde (Pnaes), Com O Intuito De Fins Lucrativos, Alinhado Às Diretrizes Da Política Nacional Da Atenção Especializada À Saúde (Pnaes), Com O Intuito De Melhorar A Qualidade Dos Serviços Prestados E Fortalecer A Gestão Em Âmbito Nacional.",Denise Oliveira e Silva,PALIN,25027.000543/2024-35,TED,CONAB,CONAB,39440041,Pesquisa,2025-01-08,2027-01-10,"Atenção, Promoção, Vigilâncias, Geração De Conhecimentos E Formação Para O Sus",11150000.00,8841567.62,2476875.84,7618756.02,1776117.49,-553305.89,-553305.89,0.00,86.17,22.21
76,GEREB-013-FIO-25,O Povo Cuidando Do Povo: Formação-Ação Territorial Para Participação E Controle Social Nas Políticas Públicas,"Promover A Articulação E Fortalecer A Participação Social Nas Políticas Públicas Para A Construção De Territórios Saudáveis, Sustentáveis E Solidários (Tsss) Nas Regiões Metropolitanas De Recife No Estado De Pernambuco (Pe) E Curitiba No Estado Do Paraná (Pr).",André Luiz Dutra Fenner,PSAT,25027.000526/2024-06,TED,SECRETARIA GERAL DA PRESIDÊNCIA DA REPÚBLICA,TED SG-PR,11/2024,Ensino,2025-01-08,2026-08-03,"Atenção, Promoção, Vigilâncias, Geração De Conhecimentos E Formação Para O Sus",550000.00,588141.10,1000.02,439178.98,2700.00,146262.12,146262.12,0.00,74.67,0.18
77,GEREB-006-FIO-25,Mulheres Líderes E Ativistas: Fortalecendo A Participação Nos Espaços De Decisão De Políticas Públicas,"Promover O Engajamento Das Mulheres, Ligadas A Organizações Sociais, Órgãos Governamentais E Instituições De Apoio Que Atuam No Desenvolvimento E Articulação Da Agenda Dos Direitos Das Mulheres, Nos Processos De Formulação, Articulação E Implementação De Estratégias E Políticas Públicas Visando A Implementação De Planos E Políticas Para As Mulheres.",Wagner De Jesus Martins,COLABORATÓRIO,25027.000541/2024-46,TED,MINISTÉRIO DAS MULHERES,TED MMULHERES,42/2024,Extensão,2025-01-08,2026-07-08,"Ciência, Tecnologia, Saúde E Sociedade",16973547.00,17260171.93,0.00,17256208.38,0.00,3963.55,3963.55,0.00,99.98,0.00
78,GEREB-007-FIO-25,A Gente Quer A Vida Como A Vida Quer: A Formação-Ação De Agentes Populares De Equidade Em Saúde No Rio Grande Do Sul – Fase 2.,"Realizar A Segunda Fase Da Formação-Ação Para Agentes Populares De Saúde No Rio Grande Do Sul Abordando A Promoção Da Saúde Com Equidade Nos Territórios Vulnerabilizados Do Rio Grande Do Sul, Visando Reduzindo Os Impactos Da Enchente De 2024 E Construindo O Bem Viver.",André Luiz Dutra Fenner,PSAT,25027.000518/2024-51,EMENDA PARLAMENTAR,DEP. DAIANA SANTOS,,43320013,Ensino,2025-01-06,2027-01-06,"Atenção, Promoção, Vigilâncias, Geração De Conhecimentos E Formação Para O Sus",850000.00,609039.97,265000.00,565687.65,35700.00,7652.32,7652.32,0.00,92.88,31.18
79,GEREB-071-FEX-24,Saúde Pública De Precisão E Transformação Digital Na Saúde Do Distrito Federal.,"Apoiar A Realização De Desenvolvimento E Aplicação De Inovações Para Promoção De Saúde Pública De Precisão Através Da E Produção De Soluções Digitais Para A Plataforma De Dados Do Sistema Público De Saúde Do Distrito Federal (Sus/Df), Resultando Em Transformação Digital E Disrupção Tecnológica, Com Foco Na Efetivação Da Cidadania, Na Eficiência Da Gestão, Na Humanização E Equidade Da Assistência, Na Promoção Da Inteligência Epidemiológica.",Wagner De Jesus Martins,COLABORATÓRIO,25027.000075/2024-07,CONVÊNIO PD&I,SES/DF,,143/2024,Desenvolvimento Científico E/Ou Tecnológico/ Estímulo À Inovação,2024-12-27,2028-12-27,"Atenção, Promoção, Vigilâncias, Geração De Conhecimentos E Formação Para O Sus",13000000.00,7857547.41,5435835.74,6199051.45,1033586.00,624909.96,624909.96,0.00,78.89,41.81
80,GEREB-010-FIO-25,Qualificação Profissional Para O Fortalecimento Dos Direitos Sexuais E Reprodutivos Na Atenção Primária À Saúde Do Df,"Qualificar Os Conhecimentos E Práticas Dos Profissionais De Saúde Na Atenção Primária À Saúde Do Df Sobre O Cuidado Integral À Saúde Sexual E Reprodutiva, Incluindo Os Cuidados Às Pessoas Em Situações De Abortamento E Pós-Aborto.",Luciana Sepúlveda Köptcke,EGF,25027.000364/2024-06,EMENDA PARLAMENTAR,DEP. ERIKA KOKAY,,28260001,Extensão,2025-01-10,2027-01-10,"Atenção, Promoção, Vigilâncias, Geração De Conhecimentos E Formação Para O Sus",1000000.00,344967.68,164224.00,344015.68,0.00,952.00,952.00,0.00,99.72,16.42
81,GEREB-017-FIO-25,Cultivando Saúde No Campo - Formação-Ação De Agentes Populares Em Saúde Do Campo (Apsc) Em São Paulo.,"Promover A Saúde No Campo Por Meio Da Formação-Ação De Agentes Populares Em Saúde Do Campo (Apsc) Com Ênfase Na Discussão Dos Sistemas Alimentares E Seus Impactos Na Saúde Das Populações Do Campo, Para Atuarem Como Multiplicadores Nos Territórios Da Reforma Agrária No Estado De Sp.",André Luiz Dutra Fenner,UNASUS,25027.000289/2024-75,EMENDA PARLAMENTAR,DEP. JULIANA CARDOSO,,44020014,Ensino,2025-02-26,2026-08-26,"Atenção, Promoção, Vigilâncias, Geração De Conhecimentos E Formação Para O Sus",600000.00,149626.98,458000.00,122930.92,1523.77,25172.29,25172.29,0.00,82.16,76.33
82,GEREB-018-FIO-25,"Educação Permanente Em Saúde: Capacitação De Trabalhadoras(Es), Gestoras(Es) E Usuárias(Os) Do Sus","Qualificar Os Profissionais De Saúde Do Sus, Por Meio Da Produção E Oferta De Cursos E Recursos Educacionais, Da Atualização, Adaptação E Reoferta De Cursos Produzidos No Âmbito Da Rede Unasus, Demandados Pela Secretaria De Gestão Do Trabalho E Da Educação Na Saúde E Da Transposição De Cursos, Outrora Ofertados E Disponibilizados Por Outras Plataformas Educacionais Para Oferta Pela Secretaria Executiva/Unasus.",Luciana Rezende Da Silva Garcez,PSAT,25027.000514/2024-73,TED,MINISTÉRIO DA SAÚDE,TED de SUPORTE,153/2024,Ensino,2025-03-12,2029-03-12,"Ciência, Tecnologia, Saúde E Sociedade",34797400.00,15894457.48,19397400.01,7965843.12,2158540.55,5770073.81,5770073.81,0.00,50.12,55.74
83,GEREB-020-FIO-25,O Saber E O Fazer Dos Agentes Populares Em Saúde Do Campo No Distritofederal,"Promover A Saúde No Campo Por Meio Da Formação-Ação De Agentes Populares Em Saúde Do Campo (Apsc) Com Ênfase Na Discussão Dos Sistemas Alimentares E Seus Impactos Na Saúde Das Populações Do Campo, Para Atuarem Como Multiplicadores Nos Territórios Da Reforma Agrária No Estado Do Df.",André Luiz Dutra Fenner,PSAT,25027.000301/2024-41,EMENDA PARLAMENTAR,DEP. ERIKA KOKAY,,28260001,Ensino,2025-03-12,2026-09-12,"Atenção, Promoção, Vigilâncias, Geração De Conhecimentos E Formação Para O Sus",450000.00,99853.35,353635.00,94143.66,1331.86,4377.83,4377.83,0.00,94.28,78.59
84,GEREB-019-FIO-25,"Estratégias De Educação E Pesquisa Para A Gestão Em Saúde Mental, Álcool E Outras Drogas","Apoiar A Implementação De Estratégias De Pesquisa E Educação Para A Qualificação Da Gestão E Da Atenção No Âmbito Da Política Nacional De Saúde Mental, Álcool E Outras Drogas Na Rede De Atenção Psicossocial, Por Meio Da Realização De Um Censo, Supervisão Institucional E Apoio Técnico.",André Vinícius Pires Guerrero,NUSMAD,25027.000535/2024-99,TED,MINISTÉRIO DA SAÚDE,TED MS,116/2024,Ensino,2024-12-09,2026-12-09,"Atenção, Promoção, Vigilâncias, Geração De Conhecimentos E Formação Para O Sus",48080942.73,32352873.44,17404942.73,15098261.72,6417390.55,10837221.17,10837221.17,0.00,46.67,36.20
85,GEREB-022-FIO-25,Projeto De Desenvolvimento Institucional Da Fiocruz Brasília - Pidi Ii,"Desenvolver E Implementar Ações Para Aumentar A Eficiência E Efetividade Da Gestão Institucional, Promovendo A Inovação Na Gestão E O Aumento Do Impacto Das Atividades Da Fiocruz Brasília Para A Comunidade Da Fiocruz, Para O Governo E Para A Sociedade.",Juliana Bezerra De Souza,GESTÃO,25027.000037/2025-27,LOA,LOA,,19/2025,Desenvolvimento Institucional,2025-04-24,2027-04-24,"Ciência, Tecnologia, Saúde E Sociedade",1000000.00,9077.60,993199.97,-7000.00,99500.00,-83422.40,-83422.40,0.00,-77.11,99.32
86,GEREB-023-FEX-25,Institucionalização Do Uso De Evidências Para A Política Nacional De Promoção Da Saúde (Pnps) - Revisões Rápidas E Desenvolvimento De Competências,Apoiar O Fortalecimento Da Capacidade Institucional Do Ministério Da Saúde Para A Incorporação De Ferramentas De Tradução Do Conhecimento Voltados Para A Promoção Da Saúde.,Jorge Otávio Maia Barreto,COLABORATÓRIO,25027.000436/2024-15,CARTA ACORDO,OPAS,,SCON2025-00031,Extensão,2025-04-18,2027-04-16,"Atenção, Promoção, Vigilâncias, Geração De Conhecimentos E Formação Para O Sus",500000.00,459200.00,40800.00,412420.00,18500.00,28280.00,28280.00,0.00,89.81,8.16
87,GEREB-024-FEX-25,Vigilância Popular No Cotidiano Da Atenção À Saúde Nos Territórios: Formação De Agentes Comunitários De Saúde E Produção De Conexões Em Linhas De Cuidado Em Agravos Prioritários No Estado Do Rio Grande Do Sul (Saúde Prá Gente),"Desenvolver O Trabalho De Vigilância Comunitária Realizado Pelos Agentes Comunitários De Saúde E Agentes Comunitários De Endemias Do Estado Do Rio Grande Do Sul E Desenvolver Tecnologias E Metodologias Para Produzir Inovações Na Atenção Básica Em Saúde Por Meio De Conexões Entre Educação, Trabalho E Participação Social Nos Territórios",Osvaldo Peralta Bonetti,ANGICOS,25027.000504/2024-38,CONVÊNIO PD&I,GRUPO HOSPITALAR CONCEIÇÃO-GHC,,001/2025,Extensão,2025-05-28,2028-05-28,Inovação E Complexo Produtivo Em Saúde,12630885.00,0.00,12630885.00,0.00,0.00,0.00,0.00,0.00,0.00,100.00
88,GEREB-026-FIO-25,"Apoio E Fomento Às Ações De Formação E Pesquisa, Visando A Qualificação E Educação Permanente Dos Profissionais Do Sistema Único De Saúde.","Implementar Ações De Apoio À Formação Profissional Dos Trabalhadores Do Sus, De Forma A Contribuir Para A Promoção, Fomento E Execução Das Políticas De Educação Permanente E De Comunicação No Campo Da Gestão Do Trabalho E Educação Na Saúde, Que, Articuladas Com Iniciativas De Pesquisa E Cooperação Internacional, Resultem Em Inovação E Melhoria Contínua Dos Processos Formativos.",Luciana Rezende Da Silva Garcez,UNASUS,25027.000169/2025-59,TED,MINISTÉRIO DA SAÚDE,TED MS,148/2024,Ensino,2025-07-31,2029-01-31,"Atenção, Promoção, Vigilâncias, Geração De Conhecimentos E Formação Para O Sus",34365486.00,12861590.76,22010104.53,4041153.97,270290.10,8550146.69,8550146.69,0.00,31.42,64.05
89,GEREB-025-FEX-25,Diálogos Sobre Economia Solidária (Des) Para A Promoção De Territórios Saudáveis E Sustentáveis No Distrito Federal/Df.,"Desenvolver Ações Estratégias De Empoderamento Social Para O Fortalecimento Da Governança, Gestão Dos Territórios E Fomento Na Geração De Trabalho E Renda No Df.",Wagner De Jesus Martins,COLABORATÓRIO,25027.000048/2023-45,CONVÊNIO PD&I,INSTITUTO BRB,,209/2023,Pesquisa,2025-07-03,2027-07-03,"Ciência, Tecnologia, Saúde E Sociedade",380000.00,201164.81,190000.00,158119.78,22050.00,20995.03,20995.03,0.00,78.60,50.00
90,GEREB-027-FIO-25,Apoio Para A Gestão Do Trabalho E Da Educação Na Saúde No Município De Rio Grande/Rs,"Ofertar Apoio Aos Processos De Gestão Do Trabalho E Da Educação Na Saúde Do Município De Rio Grande, Contribuindo Com A Qualificação E Direcionamento De Processos De Trabalho E De Produção Do Cuidado",Osvaldo Peralta Bonetti,ANGICOS,25027.000134/2025-10,EMENDA PARLAMENTAR,DEP. ALEXANDRE LINDENMEYER,,42950012,Ensino,2025-09-16,2028-03-16,"Atenção, Promoção, Vigilâncias, Geração De Conhecimentos E Formação Para O Sus",1500000.00,1232180.19,315000.00,595128.03,213000.00,424052.16,424052.16,0.00,48.30,21.00
91,GEREB-029-FIO-25,"Fortalecimento De Ações Estruturantes Voltadas À Promoção De Direitos, Sustentabilidade, Justiça Social E Enfrentamento Ao Racismo Religioso, Para Os Povos E Comunidades Tradicionais De Terreiro E De Matriz Africana","Fortalecer Ações Estruturantes Voltadas À Promoção De Direitos, Sustentabilidade, Justiça Social E Enfrentamento Ao Racismo Religioso, Para Os Povos E Comunidades Tradicionais De Terreiro E De Matriz Africana.",Valber Da Silva Frutuoso,PALIN,25027.000225/2025-55,TED,MINISTÉRIO DA IGUALDADE RACIAL,TED MIR,06/2025,Extensão,2025-10-13,2027-05-13,Saúde E Sustentabilidade Socioambiental,5056750.00,3875078.47,1299181.00,3530300.19,698914.35,-354136.07,-354136.07,0.00,91.10,25.69
92,GEREB-028-FIO-25,Fortalecimento Das Políticas Públicas Junto Às Comunidades Quilombolas No Âmbito Do Programa Aquilomba Brasil,"Acompanhar, Monitorar E Qualificar As Políticas Públicas Junto Às Comunidades Quilombolas No Ámbito Do Programa Aquilomba Brasil.",Raphael Alexandre Henriques Patrício,PALIN,25027.000235/2025-91,TED,MINISTÉRIO DA IGUALDADE RACIAL,TED MIR,08/2025,Extensão,2025-10-13,2027-04-13,Saúde E Sustentabilidade Socioambiental,2074800.00,2067089.23,89599.77,1717309.30,333230.69,16549.24,16549.24,0.00,83.08,4.32
93,GEREB-030-FIO-25,"Fortalecer A Implementação De Estratégias De Promoção, Prevenção E Diagnóstico Para Hiv/Aids, Tuberculose, Micoses Endêmicas, Hepatites Virais E Ist, Nas Três Instâncias De Gestão Do Sus, Alinhadas À Equidade, Visando À Resiliência E À Sustentabilidade Da Resposta Nacional","Fortalecer, De Forma Integrada E Articulada Entre Os Níveis Federal, Estadual E Municipal Do Sus, A Implementação De Estratégias De Promoção Da Saúde, Prevenção E Diagnóstico Oportuno Do Hiv/Aids, Tuberculose, Micoses Endêmicas, Hepatites Virais E Outras Infecções Sexualmente Transmissíveis, Com Foco Na Equidade, Na Redução Das Vulnerabilidades E Na Consolidação De Uma Resposta Nacional Resiliente E Sustentável.",Noely Fabiana Oliveira De Moura,NEVS,25027.000155/2025-35,TED,MINISTÉRIO DA SAÚDE,TED MS,018/2025,Extensão,2025-10-21,2030-10-21,"Atenção, Promoção, Vigilâncias, Geração De Conhecimentos E Formação Para O Sus",40000000.00,6300643.32,34000000.00,1509812.56,2175035.00,2615795.76,2615795.76,0.00,23.96,85.00
94,GEREB-011-FIO-25,"Promover O Protagonismo Das Mulheres Do Campo, Das Águas E Das Florestas","Desenvolver Iniciativas Que Promovam A Participação Social, O Combate Às Violências E A Melhoria Da Qualidade De Vida Das Mulheres O Campo, Das Florestas E Das Águas",Osvaldo Peralta Bonetti,ANGICOS,25027.000430/2025-11,DISPENSA DE TED,MINISTÉRIO DAS MULHERES,,34/2025,Ensino,2025-12-30,2026-10-30,"Atenção, Promoção, Vigilâncias, Geração De Conhecimentos E Formação Para O Sus",234000.00,246589.71,0.00,117033.60,0.00,129556.11,129556.11,0.00,47.46,0.00
95,GEREB-032-FIO-25,"Desenvolvimento De Ações De Apoio À Implementação, Qualificação E Fortalecimento De Políticas, Programas E Ações De Segurança Alimentar E Nutricional, No Contexto Das Mudanças Climáticas","Desenvolver Ações De Apoio À Implementação, Qualificação E Fortalecimento De Políticas, Programas E Ações Relacionadas À Segurança Alimentar E Nutricional, No Contexto Condição Das Mudanças Climáticas.",Denise Oliveira e Silva,PALIN,25027.000473/2025-04,TED,"MINISTÉRIO DO DESENVOLVIMENTO E ASSISTÊNCIA SOCIAL, FAMÍLIA E COMBATE À FOME",TED MDS,013/2025,Pesquisa,2025-11-18,2027-11-18,Saúde E Sustentabilidade Socioambiental,5990000.00,3013431.41,3094000.00,2303664.64,1019533.25,-309766.48,-309766.48,0.00,76.45,51.65
96,GEREB-033-FIO-25,Aprimorar A Capacidade Institucional Do Sistema Único De Saúde (Sus)Frente Às Emergências Em Saúde Pública,"Promover E Executar Ações Estratégicas Para O Aprimoramento Da Capacidade Institucional Nacional De Preparação, Vigilância E Resposta Às Emergências Em Saúde Pública, No Âmbito Do Sus.",Márcio Aldrin França Cavalcante,NUGP,25027.000469/2025-38,TED,MINISTÉRIO DA SAÚDE,TED MS,80/2025,Extensão,2025-12-30,2030-12-30,"Atenção, Promoção, Vigilâncias, Geração De Conhecimentos E Formação Para O Sus",40000000.00,523688.98,39485000.00,118772.48,372500.00,32416.50,32416.50,0.00,22.68,98.71
97,GEREB-001-FIO-26,Saberes E Práticas Da Enfermagem No Sus,"Impulsionar A Formação De Lideranças Em Enfermagem Para A Qualificação Da Prática E Da Representação Profissional, Com Vistas À Conquista Do Direito Universal À Saúde, Fortalecimento Do Sus, Valorização Dos Profissionais De Enfermagem E Qualificação Dos Cuidados Em Saúde, Com Ênfase Na Saúde Da Mulher, Práticas Integrativas E Complementares Em Cuidados Paliativos, E Educação Em Enfermagem, Articulada Com Implantação De Ferramenta De Produção, Disseminação E Difusão De Conhecimento Sobre A Enfermagem Brasileira.",Osvaldo Peralta Bonetti,ANGICOS,25027.000378/2025-01,EMENDA PARLAMENTAR,DEP. ANA PAULA LIMA,,43010018,Ensino,2026-01-09,2028-01-09,"Atenção, Promoção, Vigilâncias, Geração De Conhecimentos E Formação Para O Sus",5000000.00,2700654.39,2391000.00,642120.28,592000.00,1466534.11,1466534.11,0.00,23.78,47.82
98,GEREB-005-FIO-26,Minha Casa Minha Vida – Melhoria Habitacional,"Suporte Técnico-Científico À Linha De Atendimento De Melhorias Habitacionais No Programa Minha Casa Minha Vida Pmcmv – Para Promover Segurança, Saúde E Qualidade De Vida Para As Famílias De Baixa Renda.",Wagner De Jesus Martins,COLABORATÓRIO,25027.000426/2025-52,TED,MINISTÉRIO DAS CIDADES,TED MCIDADES,001/2025,Pesquisa,2026-01-14,2028-01-14,"Ciência, Tecnologia, Saúde E Sociedade",4000000.00,1422126.56,2600000.00,347047.34,80750.00,994329.22,994329.22,0.00,24.40,65.00
99,GEREB-004-FIO-26,"Sabores Que Cuidam, Saberes Que Alimentam: Os Agentes Populares De Saúde Do Campo E As Feiras Populares","Fortalecer Processos Comunitários De Promoção Da Saúde, Formação-Ação E Soberania Alimentar Em Territórios Rurais E Camponeses De Santa Catarina, Por Meio Da Qualificação Dos Agentes Populares De Saúde Do Campo (Apsc), Do Intercâmbio De Saberes Agroecológicos E Da Dinamização Pedagógica, Econômica E Sociopolítica Das Feiras Populares.",André Luiz Dutra Fenner,PSAT,25027.000582/2025-13,EMENDA PARLAMENTAR,DEP. PEDRO UCZAI,,28550001,Ensino,2026-01-13,2027-07-13,"Atenção, Promoção, Vigilâncias, Geração De Conhecimentos E Formação Para O Sus",1450000.00,133695.58,1319500.00,56854.56,54000.00,22841.02,22841.02,0.00,42.53,91.00
100,GEREB-009-FIO-26,Abordagens Intersetoriais E Integradas Para Uma Política De Drogas Para Pessoas No Brasil – Fase Ii,"Promover A Articulação, A Qualificação E A Integração De Políticas Públicas Sobre Drogas Em Municípios Prioritários Das Unidades Da Federação, Com Ênfase Na Prevenção, Articulação Intra E Intersetorial E Formação De Trabalhadores.",André Vinícius Pires Guerrero,NUSMAD,25027.000522/2025-09,TED,MINISTÉRIO DA JUSTIÇA E SEGURANÇA PÚBLICA,TED MJSP,04/2023,Extensão,2026-01-14,2026-10-20,"Ciência, Tecnologia, Saúde E Sociedade",7168369.27,7401080.22,0.02,4090494.22,2093584.74,1217001.26,1217001.26,0.00,55.27,0.00
101,GEREB-007-FIO-26,"Mulheres Do Campo, Das Águas E Das Florestas Na Construção E No Fortalecimento Da Democracia Participativa E Representativa",Implementar Espaço De Diálogo E Construção Compartilhada No Sentido De Contribuir Com O Fortalecimento Da Participação Do Segmento Das Mulheres Nos Processos Da Democracia Participativa E Representativa.,Osvaldo Peralta Bonetti,ANGICOS,25027.000440/2025-56,DISPENSA DE TED,SECRETARIA GERAL DA PRESIDÊNCIA DA REPÚBLICA,,01/2026,Ensino,2026-01-12,2026-11-22,"Atenção, Promoção, Vigilâncias, Geração De Conhecimentos E Formação Para O Sus",100000.00,101021.47,0.00,101021.33,0.00,0.14,0.14,0.00,100.00,0.00
102,GEREB-006-FIO-26,"Radar De Territórios – Eixo Estratégico Da ""Picaps (Projeto Radar De Territórios Da Plataforma De Inteligência Cooperativa Territorial Com A Atenção Primária À Saúde)","Promover O Fortalecimento Estratégico Da Articulação Social E Da Gestão De Iniciativas De Economia Solidária Em Territórios Do Distrito Federal, Para Consolidar A Governança Local E A Resiliência Socioeconômica.",Wagner De Jesus Martins,COLABORATÓRIO,25027.000422/2025-74,EMENDA PARLAMENTAR,DEP. REGINALDO VERAS,,44490005,Pesquisa,2026-01-14,2028-01-14,"Ciência, Tecnologia, Saúde E Sociedade",1300000.00,584773.28,720000.00,173218.23,25503.00,386052.05,386052.05,0.00,29.62,55.38
103,GEREB-003-FIO-26,"Desenvolvimento De Territórios Saudáveis, Sustentáveis E Solidários No Estado Do Pará","Promover O Desenvolvimento Territorial Saudável, Sustentável E Solidário No Estado Do Pará, Por Meio Da Integração Entre Sociobioeconomia Agroecológica, Formação Popular E Tecnologias Sociais, Fortalecendo Práticas Comunitárias De Promoção Da Saúde, Segurança Alimentar E Economia Solidária.",Wagner De Jesus Martins,COLABORATÓRIO,25027.000563/2025-97,EMENDA PARLAMENTAR,DEP. AIRTON FALEIRO,,39010010,Pesquisa,2026-01-15,2027-07-15,Saúde E Sustentabilidade Socioambiental,400000.00,248202.84,160000.00,26053.47,0.00,222149.37,222149.37,0.00,10.50,40.00
104,GEREB-008-FIO-26,"Conexões De Saberes Iv – Ações De Educação Permanente, De Educação Popular, Promoção Da Equidade, Da Participação E Do Controle Social Em Defesa Do Sus,","Implementar Processos Educativos, Promotores Da Participação Popular, Do Controle Social E Qualificação Do Cuidado Em Saúde Contribuindo Com A Efetivação De Uma Rede De Agentes Educadores Populares Nos Territórios Do Sistema Único De Saúde Do Distrito Federal.",Osvaldo Peralta Bonetti,ANGICOS,25027.000513/2025-18,EMENDA PARLAMENTAR,DEP. ERIKA KOKAY,,28260010,Ensino,2026-01-16,2028-12-31,"Atenção, Promoção, Vigilâncias, Geração De Conhecimentos E Formação Para O Sus",10900000.00,6814790.95,4308000.00,2415410.80,1897425.00,2501955.15,2501955.15,0.00,35.44,39.52
105,GEREB-013-FIO-26,Saberes E Sabores Que Cuidam: Feiras Camponesas E Promoção Da Saúde Do Campo,Fortalecer A Formação-Ação Dos Agentes Populares De Saúde Do Campo (Apsc) Por Meio Da Construção E Intercâmbio De Saberes Da Agricultura Camponesa E De Sua Articulação Com A Promoção Da Saúde E A Agroecologia Nos Territórios Rurais E Camponeses.,André Luiz Dutra Fenner,PSAT,25027.000592/2025-59,EMENDA PARLAMENTAR,DEP. NILTO TATTO,,37350004,Ensino,2026-01-16,2027-07-16,"Atenção, Promoção, Vigilâncias, Geração De Conhecimentos E Formação Para O Sus",1000000.00,92207.79,910000.00,60449.39,18000.00,13758.40,13758.40,0.00,65.56,91.00
106,GEREB-015-FIO-26,"Entre Roças, Florestas E Ruas: Territórios Que Cultivam Saúde","Fortalecer Práticas Integradas De Promoção Da Saúde, Gestão Territorial Sustentável E Organização Comunitária Por Meio Da Articulação Entre Saberes Científicos, Conhecimentos Ancestrais E Práticas Socioterritoriais Das Populações Rurais, Periurbanas E Da Interface Campo–Cidade.",André Luiz Dutra Fenner,PSAT,25027.000595/2025-92,EMENDA PARLAMENTAR,DEP. ERIKA KOKAY,,28260010,Ensino,2026-01-19,2027-07-19,"Atenção, Promoção, Vigilâncias, Geração De Conhecimentos E Formação Para O Sus",1800000.00,165957.00,1638000.00,73142.00,36500.00,56315.00,56315.00,0.00,44.07,91.00
107,GEREB-010-FIO-26,Ações De Educação Popular Para Promoção Da Saúde E Fortalecimento Da Participação Popular Nos Territórios,"Desenvolver Processo Formativo, Pautado Nos Princípios Da Educação Popular Em Saúde, Como Uma Ferramenta Para O Fortalecimento Da Participação E Controle Social, Por Meio Do Acolhimento E Troca De Saberes Como Estratégia Para Ressignificação E Protagonismo De Lideranças Comunitárias, Com Destaque Para A Defesa Dos Direitos Das Mulheres, Promoção Da Saúde E A Proteção De Populações Em Situação De Vulnerabilidade Social E Econômica.",Osvaldo Peralta Bonetti,ANGICOS,25027.000555/2025-41,EMENDA PARLAMENTAR,DEP. DENISE PESSOA,,43530003,Ensino,2026-01-16,2028-07-16,"Atenção, Promoção, Vigilâncias, Geração De Conhecimentos E Formação Para O Sus",3000000.00,2101060.57,930000.00,366015.87,477700.00,1257344.70,1257344.70,0.00,17.42,31.00
108,GEREB-018-FIO-26,Curso De Especialização Em Saúde Bucal Na Atenção Primária À Saúde,"Produzir O Curso De Especialização Em Saúde Bucal Na Atenção Primária À Saúde, Com O Propósito De Capacitar Os Cirurgiões Dentistas Para Uma Atuação Mais Abrangente, Resolutiva E Articulada Com As Diretrizes Do Cuidado Em Saúde Bucal No Âmbito Da Atenção Primária À Saúde.",Kellen Cristina Da Silva Gasque,UNASUS,25027.000441/2025-09,TED,MINISTÉRIO DA SAÚDE,TED MS,098/2025,Ensino,2025-01-16,2027-07-16,"Atenção, Promoção, Vigilâncias, Geração De Conhecimentos E Formação Para O Sus",3922084.00,279001.94,3644429.00,101215.32,112559.50,65227.12,65227.12,0.00,36.28,92.92
109,GEREB-017-FIO-26,Economia Solidária Promove Saúde Nas Periferias,Promover A Inclusão Produtiva Solidária Com Geração De Renda E O Fortalecimento Comunitário E Da Equidade Em Saúde Com Desenvolvimento Sustentável.,Wagner De Jesus Martins,COLABORATÓRIO,25027.000418/2025-14,TED,MINISTÉRIO DA IGUALDADE RACIAL,TED MIR,018/2025,Pesquisa,2025-10-01,2027-10-01,"Ciência, Tecnologia, Saúde E Sociedade",500000.00,508017.38,5000.01,54973.07,30000.00,423044.31,423044.31,0.00,10.82,1.00
110,GEREB-020-FIO-26,Apoio À Gestão Dos Bancos De Avaliadores Da Residência Médica E Da Residência Em Área Profissional Da Saúde,"Implementar Uma Estratégia Integrada De Apoio À Gestão Do Banco De Avaliadores Da Residência Médica E Do Banco De Avaliadores Da Residência Em Área Profissional Da Saúde, Com Vistas A Qualificar Os Processos De Avaliação Em Consonância Às Normativas Da Cnrm E Da Cnrms, Assegurar Sua Transparência E Garantir A Educação Permanente De Avaliadores.",Luciana Sepúlveda Köptcke,EGF,25027.000472/2025-51,TED,MINISTÉRIO DA SAÚDE,TED de SUPORTE,82/2025,Ensino,2026-01-16,2029-01-16,"Atenção, Promoção, Vigilâncias, Geração De Conhecimentos E Formação Para O Sus",9990288.00,816444.19,9192563.50,273552.88,48880.00,494011.31,494011.31,0.00,33.51,92.01
111,GEREB-011-FIO-26,Promoção Da Saúde No Campo – Formação-Ação De Agentes Populares Em Saúde Do Campo (Apsc) No Maranhão,"Promover A Saúde No Campo Por Meio Da Formação-Ação De Agentes Populares De Saúde Do Campo (Apsc), Com Ênfase Na Saúde Das Mulheres, Nas Práticas Populares Promotoras De Cuidado E Na Agroecologia, Para Atuarem Como Multiplicadores Nos Territórios Rurais E Camponeses Do Estado Do Maranhão.",André Luiz Dutra Fenner,PSAT,25027.000586/2025-00,EMENDA PARLAMENTAR,DEP. MÁRCIO JERRY,,38930008,Ensino,2026-01-19,2027-07-19,"Atenção, Promoção, Vigilâncias, Geração De Conhecimentos E Formação Para O Sus",267993.00,24694.95,243873.64,20329.31,0.00,4365.64,4365.64,0.00,82.32,91.00
112,GEREB-019-FIO-26,Expansão E Ativação Da Rede De Hortos Agroflorestais Medicinais Biodinâmicos (Rhamb) Na Ses-Df,Fortalecer A Rede Colaborativa Entre Os Hortos Agroflorestais Medicinais Biodinâmicos (Hamb) Nos Serviços De Saúde Da Secretaria De Estado Da Saúde Do Distrito Federal (Ses/Df).,Wagner De Jesus Martins,COLABORATÓRIO,25027.000506/2025-16,EMENDA PARLAMENTAR,DEP. ERIKA KOKAY,,28260010,Pesquisa,2026-01-16,2028-01-16,Saúde E Sustentabilidade Socioambiental,550000.00,51222.82,499999.99,27476.95,0.00,23745.87,23745.87,0.00,53.64,90.91
113,GEREB-021-FIO-26,Soluções Inovadoras Para Implantação De Tecnologias De Acesso À Água De Qualidade,"Avaliar A Viabilidade Econômica, Financeira E De Campo Do Uso Do Madidrop No Programa, Por Meio De Estudo De Custo Efetividade, Análise De Impacto Orçamentário E Estudo De Avaliação De Efetividade, Para Subsidiar Decisões De Política Pública É Expansão Nacional.",Vaneide Daciane Pedi,COLABORATÓRIO,25027.000575/2025-11,TED,MINISTÉRIO DA INTEGRAÇÃO E DO DESENVOLVIMENTO REGIONAL,TED MIDR,991539/2025,Pesquisa,2026-01-27,2028-01-27,"Ciência, Tecnologia, Saúde E Sociedade",3000000.00,1889314.81,1126881.00,257640.71,1161328.62,470345.48,470345.48,0.00,13.64,37.56
114,GEREB-023-FIO-26,"Fortalecer A Atuação Da Administração Pública No Enfrentamento Às Diversas Formas De Violência Contra As Mulheres, Por Meio Da Realização De Ações Formativas, Da Articulação Institucional, Da Produção De Instrumentos Orientadores E Da Estruturação De Redes De Lideranças Femininas, Contribuindo Para A Promoção Da Autonomia Econômica Das Mulheres, Da Saúde Integral E Da Igualdade De Gênero.","Apoiar A Promoção Dos Direitos Humanos, A Saúde Das Mulheres E A Erradicação Da Violência De Gênero Para A Promoção De Transformações Estruturais, Duradouras E Efetivas Na Prevenção Do Feminicídio E Na Garantia De Uma Vida Livre De Violência Para Todas As Mulheres.",Osvaldo Peralta Bonetti,ANGICOS,25027.000017/2026-37,TED,MINISTÉRIO DAS MULHERES,TED MMULHERES,01/2026,Extensão,2026-01-21,2028-01-21,"Atenção, Promoção, Vigilâncias, Geração De Conhecimentos E Formação Para O Sus",15000000.00,13110252.35,2000000.00,10513598.97,1499050.00,1097603.38,1097603.38,0.00,80.19,13.33
115,GEREB-022-FIO-26,Promoção De Práticas De Educação Popular E De Desenvolvimento Saudável E Sustentável Nos Territórios Do Rio Grande Do Sul.,Implementar E Fortalecer Práticas De Educação Popular E De Desenvolvimento Saudável E Sustentável Nos Territórios Do Rio Grande Do Sul,Osvaldo Peralta Bonetti,ANGICOS,25027.000566/2025-21,EMENDA PARLAMENTAR,DEP. BOHN GASS,,28620023,Ensino,2026-01-16,2028-04-16,"Atenção, Promoção, Vigilâncias, Geração De Conhecimentos E Formação Para O Sus",1400000.00,0.00,1400000.00,0.00,0.00,0.00,0.00,0.00,0.00,100.00
116,GEREB-002-FIO-26,Mobilização Marcha Das Margaridas 2027,"Fortalecer A Mobilização E Organização Das Mulheres Do Campo, Da Floresta E Das Águas Para A Marcha Das Margaridas 2027, Promovendo Formação Política, Agroecológica E Em Saúde, Além Da Articulação Territorial E Comunicação Popular.",Wagner De Jesus Martins,COLABORATÓRIO,25027.000564/2025-31,EMENDA PARLAMENTAR,DEP. BOHN GASS,,28620023,Ensino,2026-01-14,2027-07-14,Saúde E Sustentabilidade Socioambiental,250000.00,181236.34,75000.00,24942.91,8800.00,147493.43,147493.43,0.00,13.76,30.00
117,GEREB-012-FIO-26,Do Pampa Ao Cuidado: Formação-Ação Dos Agentes Populares De Saúde Do Campo No Estado Do Rio Grande Do Sul.,"Fortalecer A Saúde No Campo Por Meio Da Formação-Ação De Agentes Populares De Saúde Do Campo (Apsc), Ampliando Suas Capacidades De Atuação E Promoção Do Cuidado Nos Territórios Rurais E Camponeses Do Estado Do Rio Grande Do Sul.",André Luiz Dutra Fenner,PSAT,25027.000590/2025-60,EMENDA PARLAMENTAR,DEP. MARIA DO ROSÁRO,,19830016,Ensino,2026-01-16,2027-07-16,"Atenção, Promoção, Vigilâncias, Geração De Conhecimentos E Formação Para O Sus",1400000.00,128823.20,1274000.00,109588.15,8000.00,11235.05,11235.05,0.00,85.07,91.00
118,GEREB-014-FIO-26,Fortalecimento Sociotécnico E Territorial Dos Empreendimentos Econômicos Solidários.,"Promover A Inclusão Produtiva A Partir Dos Princípios Da Economia Solidária Para O Desenvolvimento Territorial Saudável, Sustentável E Solidário.",Wagner De Jesus Martins,COLABORATÓRIO,25027.000586/2025-00,TED,MINISTÉRIO DO TRABALHO E EMPREGO,TED MTE,43/2025,Pesquisa,2025-12-18,2027-12-30,"Ciência, Tecnologia, Saúde E Sociedade",5996100.00,102285.60,5896145.02,19737.12,30542.10,52006.38,52006.38,0.00,19.30,98.33
119,GEREB-024-FIO-26,"Redes Agroecológicas De Plantas Medicinais: Formação, Manejo Sustentável E Organização Comunitária.","Realizar Ações De Fortalecimento Técnico E Organizativo Das Redes De Produção De Plantas Medicinais, Por Meio De Assessoria Técnica Continuada E Da Elaboração E Disseminação De Materiais Formativos E Comunicacionais Voltados Ao Manejo Agroecológico E À Gestão Comunitária Da Produção.",Wagner De Jesus Martins,COLABORATÓRIO,25027.000585/2025-57,TED,MINISTÉRIO DO DESENVOLVIMENTO AGRÁRIO E AGRICULTURA FAMILIAR,TED MDA,970963/2024,Pesquisa,2026-03-27,2027-09-27,Saúde E Sustentabilidade Socioambiental,2497000.00,305320.87,397000.82,27154.74,0.00,278166.13,278166.13,0.00,8.89,15.90
120,GEREB-025-FIO-26,Fortalecimento Dos Territórios E Da Participação Social No Sus: Formação-Ação De Agentes Populares E Comunitários De Equidade Em Saúde No Estado Do Rio Grande Do Sul,Desenvolver Processos De Formação-Ação Dos Agentes Populares E Comunitários De Equidade Em Saúde No Estado Do Rio Grande Do Sul.,André Luiz Dutra Fenner,PSAT,25027.000298/2026-28,EMENDA PARLAMENTAR,DEP. DAIANA SANTOS,,43320014,Ensino,2026-06-02,2028-06-02,"Atenção, Promoção, Vigilâncias, Geração De Conhecimentos E Formação Para O Sus",8000000.00,0.00,8000000.00,0.00,0.00,0.00,0.00,0.00,0.00,100.00
121,GEREB-027-FIO-26,"Onde Brota A Vida, Floresce O Cuidado: Estratégias Integradas De Saúde, Agroecologia E Saneamento Frente Às Mudanças Climáticas","Promover A Saúde Nos Territórios Rurais Da Metade Sul Do Rio Grande Do Sul Por Meio De Processos De Formação-Ação De Agentes Populares De Saúde Do Campo (Apsc), Articulando Agroecologia, Saneamento Agroecológico E Estratégias De Adaptação Às Mudanças Climáticas, Com Vistas Ao Fortalecimento Da Autonomia Das Comunidades, À Qualificação Das Práticas De Cuidado E À Incidência Em Políticas Públicas No Âmbito Do Sistema Único De Saúde (Sus).",André Luiz Dutra Fenner,PSAT,25027.000225/2026-36,EMENDA PARLAMENTAR,DEP. MARIA DO ROSÁRO,,19830018,Ensino,2026-06-03,2027-12-03,"Formação De Profissionais Para Saúde, Ciência, Tecnologia E Inovação",1000000.00,1800.00,998200.00,1800.00,0.00,0.00,0.00,0.00,100.00,99.82
122,GEREB-030-FIO-26,Práticas De Cuidados Em Educação Popular Para A Promoção De Territórios Saudáveis.,"Promover A Construção De Territórios Saudáveis Por Meio Da Implementação De Práticas Integradas De Educação Popular Em Saúde, Que Articulem Acolhimento E Cuidado Em Saúde Mental, A Arte Como Expressão E Produção De Sentidos, E A Formação Em Agroecologia E Práticas Sustentáveis, Fortalecendo Vínculos, Autonomia E O Protagonismo Dos Sujeitos Nos Territórios.",Osvaldo Peralta Bonetti,ANGICOS,25027.000257/2026-31,EMENDA PARLAMENTAR,DEP. ANA PAULA LIMA,,43010001,Extensão,2026-06-08,2028-12-08,Atenção Em Saúde,1800000.00,29600.00,1770400.00,29600.00,0.00,0.00,0.00,0.00,100.00,98.36
123,GEREB-032-FIO-26,Agentes Populares De Equidade Em Saúde No Estado Do Rio De Janeiro,"Desenvolver Formação-Ação De Agentes Populares De Equidade Em Saúde (Apes) No Estado Rio De Janeiro Visando Fortalecer Ações De Promoção Da Saúde E Equidade Em Saúde, Por Meio Da Reflexão Sobre Os Modos De Vida, Trabalho Das Pessoas E Sua Relação Com O Território, Permitindo Um Olhar Crítico Sobre O Racismo Ambiental.",André Luiz Dutra Fenner,PSAT,25027.000106/2026-83,EMENDA PARLAMENTAR,DEP. BANDEIRA DE MELLO,,43110003,Ensino,2026-06-16,2027-06-16,"Formação De Profissionais Para Saúde, Ciência, Tecnologia E Inovação",400000.00,0.00,400000.00,0.00,0.00,0.00,0.00,0.00,0.00,100.00
124,GEREB-031-FIO-26,Desenvolvimento De Ações Para Implementação Da Modalidade De Apoio À Formação No Âmbito Do Programa Cozinha Solidária.,Desenvolvimento De Ações Para Implementação Da Modalidade De Apoio À Formação No Âmbito Do Programa Cozinha Solidária.,Denise Oliveira e Silva,PALIN,25027.000044/2026-18,TED,"MINISTÉRIO DO DESENVOLVIMENTO E ASSISTÊNCIA SOCIAL, FAMÍLIA E COMBATE À FOME",TED MDS,996568/2026,Ensino,2026-04-15,2028-04-15,"Atenção, Promoção, Vigilâncias, Geração De Conhecimentos E Formação Para O Sus",5000000.00,2000000.00,3000000.00,194020.61,0.00,1805979.39,1805979.39,0.00,9.70,60.00
125,GEREB-041-FIO-26,"Formação-Ação Em Vigilância Territorial Em Saúde, Saneamento, Agroecológico E Tecnologias Sociais","Desenvolver E Implementar Uma Estratégia Integrada, Participativa E Territorializada De Vigilância Em Saúde, Articulando Saneamento Rural Agroecológico E Tecnologias Sociais, Em Comunidades Quilombolas E Veredeiras Do Noroeste De Minas Gerais (Mg), Especificamente No Município De Chapada Gaúcha.",Jorge Mesquita Huet Machado,PSAT,25027.000219/2026-89,EMENDA PARLAMENTAR,DEP. ROGÉRIO CORREIA,,40640019,Extensão,2026-06-23,2027-12-23,"Ciência, Tecnologia, Saúde E Sociedade",500000.00,900.00,499100.00,900.00,0.00,0.00,0.00,0.00,100.00,99.82
126,GEREB-036-FIO-26,"Promoção Da Saúde, Equidade E Controle Social No Estado De São Paulo.","Desenvolver Processos De Formação-Ação Que Articulem Teoria E Prática, Com O Objetivo De Refletir Criticamente E Produzir Conhecimento Situado, De Base Territorial, Acerca Da Promoção Da Saúde, Da Equidade E Do Controle Social No Estado De São Paulo, Fortalecendo A Participação Social E A Atuação Dos Diferentes Sujeitos Nos Territórios.",André Luiz Dutra Fenner,PSAT,25027.000216/2026-45,EMENDA PARLAMENTAR,DEP. ORLANDO SILVA,,37370009,Ensino,2026-06-23,2027-12-23,"Atenção, Promoção, Vigilâncias, Geração De Conhecimentos E Formação Para O Sus",800000.00,0.00,800000.00,0.00,0.00,0.00,0.00,0.00,0.00,100.00
127,GEREB-046-FIO-26,Socioculturais Para O Fortalecimento De Políticas Públicas No Estado Do Pará,"Promover O Desenvolvimento De Territórios Saudáveis E Dinâmicas Socioculturais Para O Fortalecimento De Políticas Públicas No Estado Do Pará, Por Meio Da Articulação De Práticas Agroecológicas, Tecnologias Sociais E Participação Social, Visando Ao Fortalecimento Da Promoção Da Saúde, Segurança Alimentar, Economia Solidária E À Qualificação Da Incidência Em Políticas Públicas.",Wagner De Jesus Martins,COLABORATÓRIO,5027.000202/2026-21,EMENDA PARLAMENTAR,DEP. AIRTON FALEIRO,,3910011,Pesquisa,2026-06-16,2027-12-16,"Atenção, Promoção, Vigilâncias, Geração De Conhecimentos E Formação Para O Sus",400000.00,4800.00,395200.00,4800.00,0.00,0.00,0.00,0.00,100.00,98.80
128,GEREB-047-FIO-26,"Apoio À Estruturação Do Observatório Intersindical De Saúde, Trabalho E Direitos Em Articulação Com O Fórum Intersindical Do Distrito Federal","Implementar O Observatório Intersindical De Saúde, Trabalho E Direitos, No Distrito Federal E Região E Demais Territórios De Articulação E Intercâmbio, Alimentado Por Um Plano De Atividades De Comunicação E Informação Sobre Saúde, Trabalho E Ambiente.",Jorge Mesquita Huet Machado,PSAT,25027.000112/2026-31,EMENDA PARLAMENTAR,DEP. ERIKA KOKAY,,28260011,Extensão,2026-06-22,2027-12-22,"Ciência, Tecnologia, Saúde E Sociedade",500000.00,45000.00,455000.00,4484.43,0.00,40515.57,40515.57,0.00,9.97,91.00
129,GEREB-043-FIO-26,Formação Para Promoção Da Cidadania: Fortalecer Os Territórios Para O Desenvolvimento Sustentável,"Fortalecer Os Territórios De Vida Do Estado Do Espírito Santo Por Meio Da Formação Cidadã E Sociopolítica Das Mulheres, Da Promoção Da Saúde E Do Bem Viver, Do Incentivo À Economia Solidária E Da Implementação De Estratégias De Desenvolvimento Territorial Sustentável, Contribuindo Para A Redução Das Desigualdades Sociais, Raciais E Territoriais E Para O Fortalecimento Da Participação Social No Âmbito Do Sistema Único De Saúde (Sus).",Osvaldo Peralta Bonetti,ANGICOS,25027.000228/2026-70,EMENDA PARLAMENTAR,DEP. JACK ROCHA,,43970002,Ensino,2026-06-16,2028-12-16,Atenção Em Saúde,5000000.00,0.00,5000000.00,0.00,0.00,0.00,0.00,0.00,0.00,100.00
130,GEREB-038-FIO-26,Cidadania Sem Fronteiras: Consolidação Das Ações Voltadas À População Em Situação De Rua No Âmbito Da Justiça,Realizar Um Levantamento Das Ofertas E Das Práticas Do Sistema De Justiça Voltadas À Garantia De Direitos E Ampliação Do Acesso Da População Em Situação De Rua Às Políticas Públicas De Saúde.,Gustavo Correa Matta,NUPOP,25027.000296/2026-39,EMENDA PARLAMENTAR,DEP. ERIKA HILTON,,43680014,Pesquisa,2026-06-23,2027-06-23,Realização De Pesquisa E Desenvolvimento Tecnológico Em Saúde,700000.00,9660.00,690340.00,9660.00,0.00,0.00,0.00,0.00,100.00,98.62
131,GEREB-040-FIO-26,Efeitos E Segurança Do Uso Medicinal De Preparações À Base De Cannabis No Distrito Federal: Coorte De Pacientes E Participação Social.,Analisar Os Efeitos Do Uso Medicinal De Preparações À Base De Cannabis A Partir De Dados De Associação De Pacientes No Distrito Federal,Flávia Tavares Silva Elias,PEPTS,25027.000313/2026-38,EMENDA PARLAMENTAR,DEP. RODRIGO ROLLEMBERG,,25530020,Pesquisa,2026-06-23,2027-06-23,Realização De Pesquisa E Desenvolvimento Tecnológico Em Saúde,500000.00,1000.00,499000.00,1000.00,0.00,0.00,0.00,0.00,100.00,99.80
132,GEREB-048-FIO-26,"Ações De Educação Popular, Educação Permanente E Pesquisa Para A Qualificação Do Cuidado Em Saúde No Distrito Federal","Desenvolver Ações Pedagógicas E De Pesquisa Acerca Da Qualificação Do Cuidado Em Saúde E Do Enfrentamento De Determinantes Sociais Da Saúde, A Partir Da Formação Para E Da Gestão Do Trabalho, Da Educação Popular E De Educação Permanente.",Osvaldo Peralta Bonetti,ANGICOS,25027.000129/2026-98,EMENDA PARLAMENTAR,DEP. ERIKA KOKAY,,28260011,Ensino,2026-06-18,2028-12-18,Atenção Em Saúde,5200000.00,0.00,5200000.00,0.00,0.00,0.00,0.00,0.00,0.00,100.00
133,GEREB-045-FIO-26,"Terreiros Vivos: Ancestralidade, Agricultura Tradicional E Energia Para O Futuro Programa De Formação E Diagnóstico Para Transição Energética Em Terreiros De Matriz Africana.","Fortalecer A Autonomia Socioterritorial Dos Terreiros De Matriz Africana Por Meio De Um Programa De Formação E Da Elaboração De Diagnósticos Que Subsidiem A Implementação De Uma Transição Energética Justa, Sustentável E Alinhada Aos Modos De Vida Tradicionais.",Denise Oliveira e Silva,PALIN,25027.000587/2025-46,EMENDA PARLAMENTAR,DEP. TARCÍSIO MOTTA,,44830004,Extensão,2026-06-25,2028-06-25,Produção De Insumos Estratégicos,500000.00,0.00,500000.00,0.00,0.00,0.00,0.00,0.00,0.00,100.00
134,GEREB-042-FIO-26,"Educação Popular, Agroecologia, Soberania Alimentar E Equidade Racial Em Territórios Populares De São Paulo","Fortalecer Processos Territoriais De Soberania Alimentar, Promoção Da Saúde E Equidade Racial Em Territórios Populares De São Paulo, Por Meio Da Educação Popular, Agroecologia, Práticas Integrativas E Diagnóstico Participativo.",Wagner De Jesus Martins,COLABORATÓRIO,25027.000231/2026-93,EMENDA PARLAMENTAR,DEP. VICENTINHO,,19970005,Extensão,2026-06-24,2027-06-24,Atenção Em Saúde,300000.00,0.00,300000.00,0.00,0.00,0.00,0.00,0.00,0.00,100.00
135,GEREB-044-FIO-26,"Saberes Que Circulam, Vida Que Se Cultiva: As Feiras Da Agricultura Familiar Como Territórios De Saúde E Agroecologia","Fortalecer A Agricultura Camponesa No Estado De São Paulo Por Meio Das Feiras De Saberes E Sabores Da Agricultura Familiar, Reconhecendo-As E Potencializando-As Como Territórios Pedagógicos, Socioprodutivos E Culturais.",André Luiz Dutra Fenner,PSAT,25027.000206/2026-18,EMENDA PARLAMENTAR,DEP. NILTO TATTO,,37350016,Ensino,2026-06-24,2027-12-24,"Formação De Profissionais Para Saúde, Ciência, Tecnologia E Inovação",1000000.00,0.00,1000000.00,0.00,0.00,0.00,0.00,0.00,0.00,100.00
136,GEREB-039-FIO-26,"Projeto Bem Viver - Formação Comunitária Em Bem-Estar Integral, Práticas Integrativas E Economia Solidária","Formar E Implantar Núcleos Territoriais De Cuidado Comunitário, Baseados Em Práticas Integrativas E Organizados Sob A Lógica Da Economia Solidária, Por Meio Da Articulação Entre Instituições Científicas, Metodologias Participativas E Organização Social Territorial.",Wagner De Jesus Martins,COLABORATÓRIO,25027.000232/2026-38,EMENDA PARLAMENTAR,DEP. VICENTINHO E DEP. JULIANA CARDOSO,,19970005/44020005,Pesquisa,2026-06-25,2027-12-25,"Ciência, Tecnologia, Saúde E Sociedade",650000.00,6372.00,643628.00,6370.00,0.00,2.00,2.00,0.00,99.97,99.02
137,GEREB-049-FIO-26,"Cosmovisão Africana, Plantas Medicinais E Saúde: O Papel Dos Terreiros Na Promoção Do Bem-Estar E No Desenvolvimento De Tecnologias A Partir Da Sociobiodiversidade.","Investigar E Valorizar O Papel Das Plantas Medicinais Utilizadas Nos Terreiros Como Elementos Sagrados E Terapêuticos, Visando Seu Potencial Como Insumos Para Atenção E Promoção Em Saúde, No Âmbito Do Sus, Com Base Na Sociobiodiversidade, Na Etnobotânica, Nas Cadeias De Valor E Na Ciência Cidadã.",Denise Oliveira e Silva,PALIN,25027.000560/2025-53,EMENDA PARLAMENTAR,DEP. ERIKA KOKAY,,28260010,Desenvolvimento Científico E/Ou Tecnológico/ Estímulo À Inovação,2026-06-24,2028-06-24,"Ciência, Tecnologia, Saúde E Sociedade",1800000.00,19440.00,1780560.00,19440.00,0.00,0.00,0.00,0.00,100.00,98.92
138,GEREB-053-FIO-26,Quando A Vida Encontra Espaço Para Florescer: Agroecologia Urbana E Saúde Como Direito Coletivo,"Fortalecer Processos De Formação-Ação Em Saúde, Agroecologia Urbana E Direito À Cidade, Junto A Pessoas Em Situação De Rua, Egressos (As) De Instituições Socioeducativas E Coletivos Populares Organizados Pela Luta Por Moradia, Promovendo O Protagonismo Dos Sujeitos, A Construção De Práticas Coletivas De Cuidado E Alimentação Saudável E O Fortalecimento De Territórios Urbanos Mais Justos, Solidários E Produtores De Saúde.",André Luiz Dutra Fenner,PSAT,25027.000140/2026-58,EMENDA PARLAMENTAR,DEP. ERIKA KOKAY,,28260011,Extensão,2026-06-24,2027-12-24,"Formação De Profissionais Para Saúde, Ciência, Tecnologia E Inovação",400000.00,0.00,400000.00,0.00,0.00,0.00,0.00,0.00,0.00,100.00
139,GEREB-050-FIO-26,Marcha Das Margaridas 2027 Em Brasília,"Construir Processo De Comunicação Popular Feminista Que Fortaleça A Participação De Mulheres Do Campo, Das Florestas E Das Águas Agricultoras Na Marcha Das Margaridas 2027.",Wagner De Jesus Martins,COLABORATÓRIO,25027.000133/2026-56,EMENDA PARLAMENTAR,DEP. ERIKA KOKAY,,28260011,Pesquisa,2026-06-25,2027-12-25,Atenção Em Saúde,400000.00,3920.00,396080.00,3920.00,0.00,0.00,0.00,0.00,100.00,99.02
140,GEREB-054-FIO-26,Fortalecimento E Ampliação Da Escola Nacional Pop Rua,Promover Ações De Fortalecimento E Ampliação Da Escola Nacional De Pop Rua.,Gustavo Correa Matta,NUPOP,25027.000210/2026-78,EMENDA PARLAMENTAR,DEP. CAROL DARTORA,,43200024,Ensino,2026-06-24,2027-06-24,"Formação De Profissionais Para Saúde, Ciência, Tecnologia E Inovação",500000.00,51000.00,449000.00,10540.77,0.00,40459.23,40459.23,0.00,20.67,89.80
141,GEREB-051-FIO-26,"Protagonismo, Direitos Humanos, Proteção Social E Cuidados Em Movimento Da População Em Situação De Rua: Ampliação Do Colaboratório Nacional Pop Rua Para A Região De Para Vitória (Es).","Promover Ações Integradas E Participativas De Saúde, Proteção Social, Formação Cidadã E Incidência Política Com E Para A População Em Situação De Rua, Visando Fortalecer O Protagonismo, A Redução De Danos, A Equidade No Acesso A Direitos E A Construção De Políticas Públicas Intersetoriais E Descentralizadas.",Gustavo Correa Matta,NUPOP,25027.000213/2026-10,EMENDA PARLAMENTAR,DEP. HELDER SALOMAO,,33120018,Extensão,2026-06-24,2027-06-24,"Formação De Profissionais Para Saúde, Ciência, Tecnologia E Inovação",250000.00,22500.00,227500.00,5375.88,13500.00,3624.12,3624.12,0.00,23.89,91.00
142,GEREB-052-FIO-26,Territórios Sustentáveis E Saudáveis Nas Periferias – Cmp/Ba.,"Promover A Saúde Das Populações Vulnerabilizadas, Prioritariamente, Alicerçando-Se Na Tecnociência Solidária Para O Enfrentamento Da Fome E A Insegurança Alimentar E Nutricional Nos Territórios Urbanos.",Wagner De Jesus Martins,COLABORATÓRIO,25027.000223/2026-47,EMENDA PARLAMENTAR,DEP. JOSEILDO RAMOS,,41900005,Extensão,2026-06-25,2027-12-25,Atenção Em Saúde,300000.00,4200.00,295800.00,4200.00,0.00,0.00,0.00,0.00,100.00,98.60
143,GEREB-034-FIO-26,"Saneamento Como Eixo Estruturante Do Turismo De Base Comunitária: Promoção Da Saúde, Ambiente E Trabalho Em Territórios Tradicionais Do Noroeste De Minas Gerais.","Implementar E Sistematizar Estratégias De Saneamento Como Eixo Estruturante Do Turismo De Base Comunitária, Promovendo Saúde Ambiental E Condições Dignas De Trabalho Em Territórios Tradicionais Do Noroeste De Minas Gerais.",Jorge Mesquita Huet Machado,PSAT,25027.000214/2026-56,EMENDA PARLAMENTAR,DEP. ODAIR CUNHA,,14070014,Ensino,2026-06-25,2027-12-25,Atenção Em Saúde,200000.00,18000.00,182000.00,360.00,0.00,17640.00,17640.00,0.00,2.00,91.00
144,GEREB-028-FIO-26,Democracia E Equidade No Sus: Fortalecimento Da Rede De Educadores Populares,"Fortalecer E Estruturar Uma Rede Territorial De Educadores E Educadoras Populares Em Saúde, Por Meio De Processos De Educação Popular, Mobilização Comunitária E Produção Compartilhada De Conhecimento, Contribuindo Para A Ampliação Da Participação Social, Do Controle Social E Da Promoção Da Equidade Nas Políticas Públicas De Saúde No Estado De Sãopaulo.",Osvaldo Peralta Bonetti,ANGICOS,25027.000253/2026-53,EMENDA PARLAMENTAR,DEP. JULIANA CARDOSO,,44020005,Ensino,2026-06-08,2028-12-08,"Atenção, Promoção, Vigilâncias, Geração De Conhecimentos E Formação Para O Sus",6150000.00,91000.00,6059000.00,91000.00,0.00,0.00,0.00,0.00,100.00,98.52
145,GEREB-029-FIO-26,"Quando A Cidade Aperta, O Cuidado Abraça: Saúde, Economia Solidáriae Organização Comunitária","Promover Processo Formativo Em Saúde, Economia Solidária E Organização Comunitária Junto A Populações Em Situação De Vulnerabilidade Social, Especialmente Pessoas Desempregadas E Em Situação De Precariedade Ou Ausência De Moradia No Estado De Minas Gerais.",André Luiz Dutra Fenner,PSAT,25027.000103/2026-40,EMENDA PARLAMENTAR,DEP . ERIKA KOKAY,,40640019,Ensino,2026-06-08,2027-12-08,"Ciência, Tecnologia, Saúde E Sociedade",300000.00,0.00,0.00,0.00,0.00,0.00,0.00,0.00,0.00,0.00
146,GEREB-035-FIO-26,"Cerrado Vivo E Comunidades Saudáveis: Formação-Ação Em Agroecologia, Saúde E Mudanças Climáticas","Fortalecer As Capacidades De Agricultoras E Agricultores Familiares Para A Promoção Da Saúde Em Seus Territórios, Por Meio De Processo De Formação-Ação Que Integre Agroecologia, Saúde E Mudanças Climáticas.",André Luiz Dutra Fenner,PSAT,25027.000156/2026-61,EMENDA PARLAMENTAR,DEP. ERIKA KOKAY,,28260011,Ensino,2026-06-22,2027-11-22,"Atenção, Promoção, Vigilâncias, Geração De Conhecimentos E Formação Para O Sus",630000.00,0.00,0.00,0.00,0.00,0.00,0.00,0.00,0.00,0.00
147,GEREB-062-FIO-26,Formação Em Saúde Preventiva E Saberes Populares,"Conscientizar A População Do Alto Uruguai Gaúcho (Rio Grande Do Sul/Rs) Sobre A Importância Do Autocuidado Para Com A Saúde Integral - Pessoal E Coletiva, Com Vistas A Promoção Da Qualidade De Vida, Participação E Organização Social, Política, Democrática E A Preservação Do Meio Ambiente Utilizando O Enfoque Do Referencial Teórico-Metodológico Da Educação Popular Em Saúde.",Osvaldo Peralta Bonetti,ANGICOS,25027.000256/2026-97,EMENDA PARLAMENTAR,DEP. ALEXANDRE LINDENMEYER E DEP. BOHN GASS,,42950018/28620022,Ensino,2026-06-26,2028-12-26,Atenção Em Saúde,450000.00,5900.00,444100.00,5900.00,0.00,0.00,0.00,0.00,100.00,98.69
148,GEREB-065-FIO-26,"Desenvolvimento De Estratégias Técnico-Científicas Para Articulação, Implementação E Monitoramento De Políticas De Enfrentamento À Lgbtqiafobia Previstas Na Política Nacional Dos Direitos Das Pessoas Lgbtqia+","Desenvolver E Difundir Estratégias E Instrumentos Destinados A Subsidiar Técnica E Cientificamente A Articulação, A Implementação E O Monitoramento Das Políticas Públicas E Das Ações De Enfrentamento Da Lgbtqiafobia Previstas Na Política Nacional Dos Direitos Das Pessoas Lgbtqia+, Com Vistas À Promoção Dos Direitos Humanos E Da Saúde Integral Da População Lgbtqia+ .",Wagner De Jesus Martins,COLABORATÓRIO,25027.000394/2026-76,TED,MINISTÉRIO DOS DIREITOS HUMANOS E DA CIDADANIA,TED MDHC,004/2026,Pesquisa,2026-07-07,2028-07-07,"Formação De Profissionais Para Saúde, Ciência, Tecnologia E Inovação",1500000.00,10000.00,1490000.00,10000.00,0.00,0.00,0.00,0.00,100.00,99.33
149,GEREB-064-FIO-26,"Territorialidade, Educação Popular E Agroecologia","Desenvolver Ações De Promoção Da Saúde Por Meio Do Fortalecimento Da Agroecologia, Utilizando A Educação Popular Em Saúde (Eps) Como Base Teórico-Metodológica Para O Intercâmbio De Saberes, A Formação, A Construção E A Produção Do Conhecimentos Nos Territórios Do Campo Do Rio Grande Do Sul (Rs).",Osvaldo Peralta Bonetti,ANGICOS,25027.000249/2026-95,EMENDA PARLAMENTAR,DEP. BOHN GASS,,28620022,Ensino,2026-06-29,2028-12-29,Atenção Em Saúde,600000.00,0.00,600000.00,0.00,0.00,0.00,0.00,0.00,0.00,100.00
150,GEREB-058-FIO-26,"Alimentação, Saúde E Cultura Popular – Formação, Cuidado E Território.","Fortalecer Práticas De Cuidado Em Saúde, Por Meio Da Articulação Entre Formação-Ação, Mobilização Territorial E Produção De Conhecimento, Promovendo O Diálogo Entre Saberes Populares E Conhecimentos Técnico-Científicos Sobre Alimentação, Saúde E Cultura Popular.",André Luiz Dutra Fenner,PSAT,25027.000303/2026-01,EMENDA PARLAMENTAR,DEP. ERIKA HILTON,,43680015,Extensão,2026-07-02,2028-01-02,"Formação De Profissionais Para Saúde, Ciência, Tecnologia E Inovação",220000.00,0.00,220000.00,0.00,0.00,0.00,0.00,0.00,0.00,100.00
151,GEREB-063-FIO-26,Estratégias Formativas Em Educação Popular: Expansão Da Escola Nacional Pop Rua No Rio Grande Do Norte,"Fortalecer O Protagonismo Da População Em Situação De Rua No Rio Grande Do Norte, Por Meio Da Construção De Uma Rede Territorial De Formação, Educação Popular E Participação Social.",Gustavo Correa Matta,NUPOP,25027.000413/2026-64,EMENDA PARLAMENTAR,DEP. NATALIA BONAVIDES,,41630016,Extensão,2026-07-03,2027-07-03,Assistência A Órgãos Governamentais Na Gestão De Políticas Públicas,300000.00,4540.00,295460.00,4540.00,0.00,0.00,0.00,0.00,100.00,98.49
152,GEREB-059-FIO-26,"Territórios Da Construção De Si: Protagonismo Da Juventude Para Programa De Desinstitucionalização, Educomunicação E Inclusão Social","Promover A Desinstitucionalização E A Inserção Social De Jovens E Adolescentes Em Situação De Vulnerabilidade No Distrito Federal, Por Meio De Práticas De Educomunicação, Advocacy E Inclusão Social, Ampliando Garantias De Direito À Saúde E Fortalecendosua Autonomia, Identidade E Participação Cidadã Na Construção De Seus Projetos De Vida.",José Antonio Silvestre Fernandes Neto,ASSESSORIAS,25027.000119/2026-52,EMENDA PARLAMENTAR,DEP. ERIKA KOKAY,,28260011,Extensão,2026-07-03,2028-01-03,Realização De Pesquisa E Desenvolvimento Tecnológico Em Saúde,600000.00,1800.00,598200.00,1800.00,0.00,0.00,0.00,0.00,100.00,99.70
153,GEREB-057-FIO-26,Ações De Educação Popular Junto A Agentes Populares Do Rio Grande Do Sul,"Fortalecer A Educação Popular Em Saúde (Eps) No Rio Grande Do Sul (Rs) Através Da Formação, Mobilização Territorial E Troca De Saberes, Fomentando A Participação Popular E A Defesa Do Sistema Único De Saúde (Sus).",Osvaldo Peralta Bonetti,ANGICOS,25027.000251/2026-64,EMENDA PARLAMENTAR,DEP. BOHN GASS,,28260022,Ensino,2026-07-02,2029-01-02,Atenção Em Saúde,1000000.00,0.00,1000000.00,0.00,0.00,0.00,0.00,0.00,0.00,100.00
154,GEREB-067-FIO-26,"Redes Comunitárias De Saúde Da Mulher, Envelhecimento E Longevidade","Integrar Comunidade E Serviços De Saúde E Assistência Social Do Df, Sob Um Olhar Voltado Para Atenção À Saúde No Envelhecimento Feminino Em Grupos Vulnerabilizados Em Diferentes Regiões Administrativas Do Df.",Flávia Tavares Silva Elias,PEPTS,25027.000660/2025-80,EMENDA PARLAMENTAR,DEP. REGINALDO VERAS,,4449005,Extensão,2026-07-09,2027-07-09,"Formação De Profissionais Para Saúde, Ciência, Tecnologia E Inovação",1800000.00,3240.00,1796760.00,3240.00,0.00,0.00,0.00,0.00,100.00,99.82
155,GEREB-072-FIO-26,Formação-Ação Sindical: Observatório De Trabalho E Direito Do Distrito Federal E Região.,"Instrumentalizar Os Trabalhadores (As) Para Identificar E Contextualizar As Condições De Trabalho E Suas Relações Com A Saúde, Para A Implementação De Um Observatório De Saúde Trabalho E Direitos Humanos.",Jorge Mesquita Huet Machado,PSAT,25027.000616/2025-70,EMENDA PARLAMENTAR,DEP. ERIKA KOKAY,,28260001,Ensino,2026-07-09,2028-01-09,"Formação De Profissionais Para Saúde, Ciência, Tecnologia E Inovação",500000.00,0.00,500000.00,0.00,0.00,0.00,0.00,0.00,0.00,100.00
156,GEREB-068-FIO-26,Promoção E Vigilância Em Saúde Da População Do Lgbtqiapn+,"Desenvolver Ações Visando O Fortalecimento Da Promoção E Vigilância Em Saúde Das Populações Lgbtqiapn+, Com Foco Nas Especificidades Da Saúde Das Transmasculidades E No Combate À Violência Destas Populações.",André Luiz Dutra Fenner,PSAT,25027.000603/2025-09,EMENDA PARLAMENTAR,DEP. ERIKA KOKAY,,28260010,Ensino,2026-07-09,2028-01-09,"Formação De Profissionais Para Saúde, Ciência, Tecnologia E Inovação",550000.00,0.00,550000.00,0.00,0.00,0.00,0.00,0.00,0.00,100.00
157,GEREB-026-FIO-26,Construindo O Desenvolvimento De Territórios Saudáveis E Sustentáveis Com Formação De Lideranças Sociais,"Desenvolver Ações De Promoção De Práticas Integrativas E Complementares Em Saúde, Por Meio Da Formação De Lideranças Sociais Em Ações De Promoção Da Saúde, Do Autocuidado, Qualidade De Vida E Preservação Do Meio Ambiente,Com Destaque Ao Protagonismo Das Mlheres Na Saúde, Por Meio Da Educação Popular Em Saúde Como Ferramenta Pedagógica E Estratégica De Fortalecimento Da Participação Scial, Com Acolhimento, Troca De Saberes E Proteção De Populações Vulneráveis.",Osvaldo Peralta Bonetti,ANGICOS,25027.000259/2026-21,EMENDA PARLAMENTAR,DEP. DENISE PESSOA,,43530020,Ensino,2026-06-02,2028-12-02,"Atenção, Promoção, Vigilâncias, Geração De Conhecimentos E Formação Para O Sus",3600000.00,0.00,3600000.00,0.00,0.00,0.00,0.00,0.00,0.00,100.00
158,GEREB-033-FIO-26,Práticas Integrativas Em Saúde: Integração Entre Formação E Pesquisa Para Inovação No Cuidado,"Fortalecer E Qualificar As Práticas Integrativas Em Saúde (Pis) No Âmbito Do Sistema Único De Saúde (Sus), Por Meio Da Implementação De Processos Integrados De Pesquisa-Formação, De Base Participativa E Territorial, Que Articulem Saberes Tradicionais, Conhecimentos Técnico-Científicos E Práticas Comunitárias.",André Luiz Dutra Fenner,PSAT,25027.000154/2026-71,EMENDA PARLAMENTAR,DEP. ERIKA KOKAY,,28260011,Ensino,2026-06-24,2027-12-24,"Formação De Profissionais Para Saúde, Ciência, Tecnologia E Inovação",800000.00,0.00,800000.00,0.00,0.00,0.00,0.00,0.00,0.00,100.00
159,GEREB-055-FIO-26,"Quintais Produtivos E Territórios Saudáveis, Sustentáveis E Solidários Das Mulheres Camponesas – Região Das Missões/Rs",Fortalecer A Autonomia Das Mulheres Camponesas Por Meio De Quintais Agroecológicos E Estratégias Participativas De Saúde E Segurança Alimentar.,Wagner De Jesus Martins,COLABORATÓRIO,25027.000308/2026-25,EMENDA PARLAMENTAR,DEP. BOHN GASS,,28620023,Pesquisa,2026-06-23,2027-12-23,"Formação De Profissionais Para Saúde, Ciência, Tecnologia E Inovação",300000.00,3300.00,296700.00,3300.00,0.00,0.00,0.00,0.00,100.00,98.90
160,GEREB-056-FIO-26,"Saúde Planetária E Inovação Sociotécnica Para Territórios Saudáveis, Sustentáveis E Solidários Do Distrito Federal","Promover A Transformação Dos Territórios Do Distrito Federal Em Espaços Saudáveis, Sustentáveis E Solidários, Por Meio Da Articulação Entre Comunidades, Academia, Governos E Movimentos Sociais, Tendo A Formação De Pesquisadores Populares Interseccionais Como Eixo Estratégico Da Saúde Planetária Para A Promoção Da Equidade, Do Bem Viver E Da Saúde",Wagner De Jesus Martins,COLABORATÓRIO,25027.000104/2026-94,EMENDA PARLAMENTAR,DEP. RODRIGO ROLLEMBERG,,25530020,Extensão,2026-06-24,2028-06-24,"Formação De Profissionais Para Saúde, Ciência, Tecnologia E Inovação",4627000.00,6000.00,4621000.00,6000.00,0.00,0.00,0.00,0.00,100.00,99.87
161,GEREB-060-FIO-26,"Da Terra Que Alimenta À Vida Que Resiste: Agroecologia, Saúde E Bem Viver Nos Assentamentos Da Reforma Agrária","Promover Um Processo De Formação-Ação Junto Aos Gricultores(As) Familiares Das Áreas De Reforma Agrária Do Estado De São Paulo, Fortalecendo Práticas Agroecológicas Integradas Ao Cuidado Com A Saúde E Ao Enfrentamento Das Mudanças Climáticas, Por Meio Da Valorização Dos Saberes Do Território, Da Construção Coletiva De Conhecimentos E Do Desenvolvimento De Estratégias Que Ampliem A Resiliência Produtiva, Ambiental E Social, Contribuindo Para A Melhoria Das Condições De Vida, Da Segurança Alimentar E Do Bem Viver Nas Comunidades Do Campo.",André Luiz Dutra Fenner,PSAT,25027.000101/2026-51,EMENDA PARLAMENTAR,DEP. LUIZA ERUNDINA,,36110005,Ensino,2026-06-26,2027-12-26,"Formação De Profissionais Para Saúde, Ciência, Tecnologia E Inovação",400000.00,0.00,400000.00,0.00,0.00,0.00,0.00,0.00,0.00,100.00
162,GEREB-061-FIO-26,"A Cidade É Nossa: Cuidar, Cultivar E Resistir: Saúde, Trabalho E Agroecologia Urbana","Promover Processo De Formação-Ação Territorializados Em Saúde, Organização Comunitária E Agroecologia Urbana Junto A Populações Desempregadas E Em Situação De Vulnerabilidade Habitacional Na Região Metropolitana De Porto Alegre E Na Região Norte Do Rio Grande Do Sul, Visando Fortalecer A Autonomia Das(Os) Sujeitas(Os), Ampliar O Acesso A Direitos E Impulsionar A Construção Coletiva De Estratégias De Enfrentamento Das Desigualdades Sociais E Dos Impactos Das Mudanças Climáticas Nos Territórios Urbanos",André Luiz Dutra Fenner,PSAT,25027.000227/2026-25,EMENDA PARLAMENTAR,DEP. MARIA DO ROSÁRO,,19830018,Ensino,2026-06-26,2027-12-26,"Formação De Profissionais Para Saúde, Ciência, Tecnologia E Inovação",400000.00,0.00,400000.00,0.00,0.00,0.00,0.00,0.00,0.00,100.00
163,GEREB-078-FIO-26,Cidadania Sem Fronteiras: População Em Situação De Rua E Atuação Das Defensorias Públicas,Elaborar Um Diagnóstico Sobre As Estratégias Desenvolvidas Para Promoção De Acesso À Justiça Para Pessoas Em Situação De Rua Nas Defensorias Públicas Do Brasil.,Gustavo Correa Matta,NUPOP,25027.000568/2025-10,EMENDA PARLAMENTAR,DEP. ERIKA HILTON,,43680003 / 43680004,Pesquisa,2026-07-09,2027-07-09,"Atenção, Promoção, Vigilâncias, Geração De Conhecimentos E Formação Para O Sus",700000.00,0.00,700000.00,0.00,0.00,0.00,0.00,0.00,0.00,100.00
164,GEREB-075-FIO-26,Seminário Nacional Jeholu De Políticas Públicas Das Matrizes Africanas E Povos De Terreiro Para A Formação De Trabalhadores Do Sus E No Reconhecimento Dos Saberes Tradicionais,Seminário Nacional Jeholu De Políticas Para As Tradições De Matrizes Africanas,Raphael Alexandre Henriques Patrício,PALIN,25027.000653/2025-88,EMENDA PARLAMENTAR,DEP. ERIKA HILTON,,43680015,Extensão,2026-07-14,2027-07-14,Atenção Em Saúde,200000.00,2360.00,197640.00,2360.00,0.00,0.00,0.00,0.00,100.00,98.82
165,GEREB-066-FIO-26,"Formação Integrada Dos Agentes Comunitários De Saúde (Acs), Agentes Comunitários De Endemias (Ace) E Lideranças Comunitárias Do Estado De Mato Grosso Do Sul","Promover A Formação Dos Agentes Comunitários De Saúde (Acs), Dos Agentes De Combate Às Endemias (Ace) E De Lideranças Comunitárias Do Estado De Mato Grosso Do Sul, Por Meio De Diagnóstico Territorial E Nas Necessidades Regionais De Saúde, Fortalecendo A Integração Entre A Vigilância Em Saúde E A Atenção Primária À Saúde.",Wagner De Jesus Martins,COLABORATÓRIO,25027.000087/2026-95,EMENDA PARLAMENTAR,DEP. VANDER LOUBET E DEP. CAMILA JARA,,14510008 / 43180002,Desenvolvimento Científico E/Ou Tecnológico/ Estímulo À Inovação,2026-07-15,2028-01-15,"Formação De Profissionais Para Saúde, Ciência, Tecnologia E Inovação",2000000.00,19600.00,1980400.00,19600.00,0.00,0.00,0.00,0.00,100.00,99.02
166,GEREB-071-FIO-26,Saúde Do Trabalho: Estratégia Para Bem-Estar E Produtividade Na Fiocruz Brasília,Implementar E Avaliar A Efetividade De Espaço De Descompressão Na Fiocruz Brasília Para Contribuir Para O Bem-Estar,Luciana Sepúlveda Köptcke,EGF,25027.000649/2025-10,EMENDA PARLAMENTAR,DEP. ERIKA KOKAY,,28260010,Pesquisa,2026-07-09,2027-07-09,"Formação De Profissionais Para Saúde, Ciência, Tecnologia E Inovação",100000.00,0.00,100000.00,0.00,0.00,0.00,0.00,0.00,0.00,100.00
167,GEREB-079-FIO-26,Consolidação E Aperfeiçoamento De Estratégias E Ações Intersetoriais Para Articulação E Qualificação Das Políticas Públicas Voltadas À População Em Situação De Rua,"Promover A Manutenção, Consolidação E O Aperfeiçoamento Do Colaboratório Nacional Pop Rua, Por Meio Da Execução Integrada De Ações Em Seus Quatro Eixos De Atuação: Polos Descentralizados, Escola Nacional Pop Rua, Grupo De Pesquisa E Fórum Consultivo.",Gustavo Correa Matta,NUPOP,25027.000392/2026-87,TED,MINISTÉRIO DOS DIREITOS HUMANOS E DA CIDADANIA,TED MDHC,005/2026,Desenvolvimento Científico E/Ou Tecnológico/ Estímulo À Inovação,2026-07-21,2028-07-21,Assistência A Órgãos Governamentais Na Gestão De Políticas Públicas,9445774.27,850119.68,8595654.59,265261.68,970050.00,-385192.00,-385192.00,0.00,31.20,91.00
168,GEREB-037-FIO-26,Fortalecimento Da Rede De Hortos Agroflorestais Medicinais Biodinâmicos No Sus Nas Regiões De Saúde Oeste E Sudoeste,Fortalecer A Rede Colaborativa Entre Os Hortos Agroflorestais Medicinais Biodinâmicos (Hamb) Na Regiões De Saúde,Wagner De Jesus Martins,COLABORATÓRIO,25027.000128/2026-43,EMENDA PARLAMENTAR,DEP. ERIKA KOKAY,,28260011,Extensão,2026-06-23,2027-12-23,Atenção Em Saúde,700000.00,1386.00,698614.00,1386.00,0.00,0.00,0.00,0.00,100.00,99.80
169,GEREB-077-FIO-26,Diálogos Sociais para elaboração de Planos Populares em Políticas Públicas,"mpliar as capacidades de ação e organização comunitária de territórios vulnerabilizados por meio de metodologia popular e participativa de planejamento territorial, mapeando tecnologias sociais e colhendo subsídios relevantes para o aperfeiçoamento e modelagem de políticas públicas, com destaque àqueles voltados à promoção da saúde, da segurança alimentar, da inclusão produtiva e do direito à comunicação.",Wagner De Jesus Martins,COLABORATÓRIO,25027.000326/2026-15,DISPENSA DE TED,SECRETARIA GERAL DA PRESIDÊNCIA DA REPÚBLICA,,001/2026,Extensão,2026-07-14,2027-07-14,Popularização Da Ciência E Divulgação Científica,243100.00,4862.00,238238.00,4862.00,0.00,0.00,0.00,0.00,100.00,98.00
